datetime,1btc_l,1btc_u,1btc_e
2014-07-01,1.66965,1.98375,1.81844
2014-07-02,0.900671,2.01358,1.41335
2014-07-03,0.644398,2.03161,1.28207
2014-07-04,0.523152,2.14213,1.2667
2014-07-05,0.447716,2.16672,1.23689
2014-07-06,0.395463,2.1563,1.20365
2014-07-07,0.359528,2.16729,1.18912
2014-07-08,0.142002,2.20345,1.08724
2014-07-09,0.145977,2.26512,1.11767
2014-07-10,0.147209,2.28424,1.1271
2014-07-11,0.145839,2.26298,1.11662
2014-07-12,0.146566,2.27426,1.12218
2014-07-13,0.149567,2.32083,1.14516
2014-07-14,0.148083,2.2978,1.1338
2014-07-15,0.149984,2.3273,1.14835
2014-07-16,0.147445,2.28789,1.12891
2014-07-17,0.151312,2.34791,1.15852
2014-07-18,0.154223,2.39308,1.18081
2014-07-19,0.157512,2.4441,1.20599
2014-07-20,0.156808,2.43319,1.2006
2014-07-21,0.159623,2.47687,1.22216
2014-07-22,0.157085,2.43747,1.20272
2014-07-23,0.157366,2.44184,1.20487
2014-07-24,0.153288,2.37857,1.17365
2014-07-25,0.152077,2.35978,1.16438
2014-07-26,0.147556,2.28963,1.12976
2014-07-27,0.149011,2.3122,1.1409
2014-07-28,0.149872,2.32555,1.1475
2014-07-29,0.152544,2.36701,1.16795
2014-07-30,0.158144,2.45392,1.21083
2014-07-31,0.161434,2.50496,1.23602
2014-08-01,0.16202,2.51407,1.24051
2014-08-02,0.166416,2.58227,1.27416
2014-08-03,0.166567,2.58462,1.27532
2014-08-04,0.16308,2.53052,1.24862
2014-08-05,0.16096,2.49761,1.23239
2014-08-06,0.159749,2.47883,1.22312
2014-08-07,0.160511,2.49064,1.22895
2014-08-08,0.161721,2.50943,1.23822
2014-08-09,0.166055,2.57666,1.2714
2014-08-10,0.170793,2.65019,1.30767
2014-08-11,0.180413,2.79945,1.38133
2014-08-12,0.1877,2.91255,1.43713
2014-08-13,0.185818,2.88332,1.42271
2014-08-14,0.190279,2.95254,1.45687
2014-08-15,0.1916,2.97305,1.46698
2014-08-16,0.187613,2.91119,1.43646
2014-08-17,0.186501,2.89395,1.42795
2014-08-18,0.189043,2.93338,1.44741
2014-08-19,0.191859,2.97706,1.46896
2014-08-20,0.201261,3.12297,1.54096
2014-08-21,0.204155,3.16786,1.56311
2014-08-22,0.208079,3.22876,1.59315
2014-08-23,0.214071,3.32172,1.63903
2014-08-24,0.214895,3.33452,1.64534
2014-08-25,0.209759,3.25481,1.60601
2014-08-26,0.212324,2.82002,1.40814
2014-08-27,0.212324,2.3564,1.19564
2014-08-28,0.213662,1.90385,0.988943
2014-08-29,0.216148,1.47648,0.794425
2014-08-30,0.219771,1.03606,0.594536
2014-08-31,0.228026,0.646072,0.42029
2014-09-01,0.231742,0.275338,0.252392
2014-09-02,0.230784,0.274198,0.251349
2014-09-03,0.235634,0.27996,0.256631
2014-09-04,0.237304,0.281946,0.258449
2014-09-05,0.236469,0.280953,0.257541
2014-09-06,0.241029,0.286371,0.262506
2014-09-07,0.238949,0.283899,0.260241
2014-09-08,0.240703,0.285984,0.262152
2014-09-09,0.240261,0.28546,0.26167
2014-09-10,0.237631,0.282334,0.258806
2014-09-11,0.240261,0.28546,0.26167
2014-09-12,0.242012,0.287539,0.263577
2014-09-13,0.243082,0.288812,0.264743
2014-09-14,0.246769,0.29319,0.268757
2014-09-15,0.252634,0.30016,0.275146
2014-09-16,0.26138,0.31055,0.284671
2014-09-17,0.271288,0.322322,0.295462
2014-09-18,0.276431,0.328433,0.301063
2014-09-19,0.283419,0.336735,0.308675
2014-09-20,0.284801,0.338377,0.310179
2014-09-21,0.286227,0.340071,0.311731
2014-09-22,0.288602,0.342893,0.314318
2014-09-23,0.283351,0.336655,0.3086
2014-09-24,0.276232,0.328195,0.300846
2014-09-25,0.275569,0.327409,0.300126
2014-09-26,0.27194,0.323097,0.296173
2014-09-27,0.266882,0.317088,0.290663
2014-09-28,0.263813,0.313441,0.287322
2014-09-29,0.261724,0.310959,0.285047
2014-09-30,0.268074,0.318504,0.291961
2014-10-01,0.273785,0.325289,0.298182
2014-10-02,0.270027,0.320825,0.294089
2014-10-03,0.273087,0.324459,0.297421
2014-10-04,0.278586,0.330994,0.303411
2014-10-05,0.289312,0.343737,0.315093
2014-10-06,0.295645,0.351261,0.321989
2014-10-07,0.290424,0.345058,0.316303
2014-10-08,0.287402,0.341468,0.313012
2014-10-09,0.290024,0.344582,0.315868
2014-10-10,0.292913,0.348016,0.319013
2014-10-11,0.290557,0.345216,0.316447
2014-10-12,0.285192,0.338841,0.310605
2014-10-13,0.283701,0.33707,0.308981
2014-10-14,0.283509,0.336842,0.308772
2014-10-15,0.285836,0.339607,0.311306
2014-10-16,0.285854,0.339627,0.311326
2014-10-17,0.282256,0.335354,0.307408
2014-10-18,0.28779,0.341929,0.313434
2014-10-19,0.28339,0.336701,0.308643
2014-10-20,0.278412,0.330787,0.303222
2014-10-21,0.284219,0.337685,0.309545
2014-10-22,0.286172,0.340007,0.311672
2014-10-23,0.2878,0.341941,0.313446
2014-10-24,0.293729,0.348986,0.319903
2014-10-25,0.292445,0.34746,0.318506
2014-10-26,0.290949,0.345683,0.316876
2014-10-27,0.298254,0.35436,0.32483
2014-10-28,0.295183,0.350713,0.321488
2014-10-29,0.29502,0.350519,0.321308
2014-10-30,0.300779,0.35736,0.32758
2014-10-31,0.309,0.367128,0.336535
2014-11-01,0.309859,0.368149,0.33747
2014-11-02,0.318356,0.378244,0.346725
2014-11-03,0.321187,0.38161,0.349808
2014-11-04,0.327692,0.389338,0.356893
2014-11-05,0.326268,0.387644,0.355341
2014-11-06,0.326121,0.387471,0.355181
2014-11-07,0.319349,0.379423,0.347806
2014-11-08,0.322001,0.382575,0.350694
2014-11-09,0.324852,0.385963,0.353798
2014-11-10,0.322528,0.383201,0.351268
2014-11-11,0.31687,0.376478,0.345107
2014-11-12,0.320208,0.380444,0.348741
2014-11-13,0.317134,0.376793,0.345393
2014-11-14,0.318375,0.378269,0.346746
2014-11-15,0.314338,0.373471,0.342348
2014-11-16,0.314061,0.373142,0.342046
2014-11-17,0.31313,0.372035,0.341032
2014-11-18,0.320997,0.381383,0.3496
2014-11-19,0.319905,0.380086,0.348411
2014-11-20,0.31821,0.378072,0.346566
2014-11-21,0.31053,0.368947,0.338202
2014-11-22,0.315712,0.375102,0.343843
2014-11-23,0.313732,0.37275,0.341688
2014-11-24,0.315462,0.374806,0.343572
2014-11-25,0.309257,0.367434,0.336815
2014-11-26,0.307724,0.365613,0.335146
2014-11-27,0.308669,0.366735,0.336175
2014-11-28,0.315283,0.374594,0.343378
2014-11-29,0.316228,0.375717,0.344407
2014-11-30,0.321614,0.382115,0.350272
2014-12-01,0.316263,0.375758,0.344445
2014-12-02,0.306203,0.382467,0.342042
2014-12-03,0.287017,0.373973,0.3277
2014-12-04,0.273086,0.375445,0.32079
2014-12-05,0.259038,0.37801,0.314314
2014-12-06,0.237989,0.369836,0.299105
2014-12-07,0.213942,0.356805,0.280038
2014-12-08,0.207017,0.36868,0.281709
2014-12-09,0.205135,0.365331,0.279151
2014-12-10,0.210569,0.375006,0.286544
2014-12-11,0.210985,0.375747,0.28711
2014-12-12,0.207866,0.370193,0.282867
2014-12-13,0.209551,0.373193,0.285157
2014-12-14,0.212665,0.37874,0.289397
2014-12-15,0.208096,0.370603,0.28318
2014-12-16,0.208305,0.370973,0.283462
2014-12-17,0.204695,0.364545,0.278552
2014-12-18,0.200385,0.35687,0.272685
2014-12-19,0.199164,0.354696,0.271025
2014-12-20,0.196115,0.349266,0.266877
2014-12-21,0.193874,0.345274,0.263826
2014-12-22,0.198174,0.352933,0.269678
2014-12-23,0.199198,0.354756,0.271072
2014-12-24,0.204076,0.363443,0.277708
2014-12-25,0.21,0.373994,0.285771
2014-12-26,0.213065,0.37945,0.289939
2014-12-27,0.216555,0.385667,0.294689
2014-12-28,0.224107,0.399116,0.304966
2014-12-29,0.224107,0.399116,0.304966
2014-12-30,0.225183,0.401034,0.306432
2014-12-31,0.225909,0.402326,0.307419
2015-01-01,0.228345,0.406666,0.310735
2015-01-02,0.231799,0.412817,0.315436
2015-01-03,0.234827,0.41821,0.319555
2015-01-04,0.236489,0.421169,0.321817
2015-01-05,0.235601,0.419587,0.320608
2015-01-06,0.23692,0.421935,0.322404
2015-01-07,0.234404,0.417456,0.318979
2015-01-08,0.230427,0.410374,0.313569
2015-01-09,0.22519,0.401047,0.306442
2015-01-10,0.222048,0.395451,0.302166
2015-01-11,0.218296,0.388769,0.29706
2015-01-12,0.21583,0.384375,0.293704
2015-01-13,0.21152,0.376701,0.287838
2015-01-14,0.214867,0.382661,0.292393
2015-01-15,0.218291,0.38876,0.297054
2015-01-16,0.220465,0.392631,0.30001
2015-01-17,0.220947,0.393489,0.300668
2015-01-18,0.222956,0.397067,0.303402
2015-01-19,0.225377,0.401379,0.306696
2015-01-20,0.223342,0.397756,0.303927
2015-01-21,0.22405,0.399017,0.30489
2015-01-22,0.220437,0.392581,0.299972
2015-01-23,0.217048,0.386547,0.295362
2015-01-24,0.214339,0.381721,0.291674
2015-01-25,0.207836,0.37014,0.282826
2015-01-26,0.204,0.363309,0.277605
2015-01-27,0.210152,0.374263,0.285975
2015-01-28,0.211075,0.375907,0.287233
2015-01-29,0.215344,0.383509,0.293041
2015-01-30,0.216591,0.38573,0.294738
2015-01-31,0.223312,0.3977,0.303884
2015-02-01,0.227724,0.405559,0.30989
2015-02-02,0.232734,0.414481,0.316707
2015-02-03,0.226866,0.404031,0.308721
2015-02-04,0.225615,0.401802,0.30702
2015-02-05,0.224558,0.399922,0.305583
2015-02-06,0.232797,0.414595,0.316794
2015-02-07,0.231111,0.411591,0.314499
2015-02-08,0.226257,0.402947,0.307893
2015-02-09,0.227737,0.405582,0.309907
2015-02-10,0.233466,0.415785,0.317703
2015-02-11,0.235825,0.419986,0.320913
2015-02-12,0.229325,0.408409,0.312068
2015-02-13,0.224972,0.400657,0.306143
2015-02-14,0.227782,0.405662,0.309968
2015-02-15,0.231742,0.412715,0.315358
2015-02-16,0.232195,0.413522,0.315975
2015-02-17,0.233329,0.415542,0.317517
2015-02-18,0.23537,0.419176,0.320294
2015-02-19,0.245813,0.437772,0.334504
2015-02-20,0.248531,0.442615,0.338203
2015-02-21,0.244453,0.435352,0.332654
2015-02-22,0.247014,0.439911,0.336139
2015-02-23,0.245019,0.43636,0.333424
2015-02-24,0.241956,0.430904,0.329255
2015-02-25,0.24195,0.430893,0.329247
2015-02-26,0.239823,0.427106,0.326354
2015-02-27,0.240189,0.427759,0.326853
2015-02-28,0.2418,0.430626,0.329044
2015-03-01,0.240623,0.428529,0.327441
2015-03-02,0.24442,0.435292,0.332609
2015-03-03,0.251301,0.447548,0.341973
2015-03-04,0.246792,0.439518,0.335837
2015-03-05,0.24231,0.431536,0.329738
2015-03-06,0.241361,0.429847,0.328447
2015-03-07,0.240888,0.429003,0.327802
2015-03-08,0.244607,0.435628,0.332865
2015-03-09,0.241834,0.430689,0.329091
2015-03-10,0.240986,0.429178,0.327936
2015-03-11,0.244669,0.435736,0.332947
2015-03-12,0.244926,0.436194,0.333298
2015-03-13,0.245002,0.43633,0.333402
2015-03-14,0.243163,0.433054,0.330899
2015-03-15,0.240492,0.428296,0.327263
2015-03-16,0.23929,0.426157,0.325629
2015-03-17,0.233523,0.415888,0.317782
2015-03-18,0.233086,0.415108,0.317185
2015-03-19,0.234526,0.417674,0.319146
2015-03-20,0.232126,0.413398,0.315879
2015-03-21,0.236726,0.42159,0.32214
2015-03-22,0.236461,0.42112,0.321779
2015-03-23,0.237379,0.422754,0.323029
2015-03-24,0.247342,0.440496,0.336586
2015-03-25,0.248918,0.443303,0.33873
2015-03-26,0.251023,0.447052,0.341594
2015-03-27,0.258578,0.460509,0.351877
2015-03-28,0.25733,0.458284,0.350178
2015-03-29,0.25944,0.462044,0.35305
2015-03-30,0.258514,0.460395,0.35179
2015-03-31,0.253094,0.450743,0.344414
2015-04-01,0.246025,0.438151,0.334794
2015-04-02,0.250267,0.445706,0.340566
2015-04-03,0.244167,0.434842,0.332264
2015-04-04,0.245344,0.436939,0.333866
2015-04-05,0.245928,0.437978,0.334661
2015-04-06,0.243684,0.433983,0.331609
2015-04-07,0.246243,0.438541,0.335091
2015-04-08,0.246315,0.438667,0.335187
2015-04-09,0.240173,0.427728,0.32683
2015-04-10,0.243669,0.433957,0.331589
2015-04-11,0.242537,0.431938,0.330046
2015-04-12,0.237836,0.423566,0.323648
2015-04-13,0.245091,0.436488,0.333523
2015-04-14,0.244346,0.435159,0.332507
2015-04-15,0.243599,0.433832,0.331493
2015-04-16,0.244637,0.435681,0.332905
2015-04-17,0.23818,0.424182,0.324119
2015-04-18,0.23967,0.426834,0.326146
2015-04-19,0.243225,0.433165,0.330984
2015-04-20,0.24131,0.429755,0.328377
2015-04-21,0.240894,0.429011,0.32781
2015-04-22,0.246938,0.439776,0.336036
2015-04-23,0.24355,0.433742,0.331425
2015-04-24,0.241912,0.430827,0.329197
2015-04-25,0.244626,0.435661,0.332891
2015-04-26,0.243311,0.433319,0.331101
2015-04-27,0.239257,0.426098,0.325583
2015-04-28,0.239257,0.426098,0.325583
2015-04-29,0.233097,0.415128,0.317201
2015-04-30,0.234051,0.416826,0.318498
2015-05-01,0.239771,0.427013,0.326282
2015-05-02,0.235957,0.42022,0.321093
2015-05-03,0.235051,0.418606,0.319858
2015-05-04,0.232928,0.414826,0.316971
2015-05-05,0.233191,0.415296,0.317329
2015-05-06,0.241112,0.429403,0.328108
2015-05-07,0.242801,0.432411,0.330407
2015-05-08,0.243302,0.433301,0.331088
2015-05-09,0.238837,0.425352,0.325013
2015-05-10,0.236,0.420296,0.32115
2015-05-11,0.243136,0.433007,0.330862
2015-05-12,0.242185,0.431312,0.329567
2015-05-13,0.242216,0.431368,0.32961
2015-05-14,0.245306,0.436872,0.333815
2015-05-15,0.244593,0.435601,0.332846
2015-05-16,0.245098,0.436501,0.333532
2015-05-17,0.255601,0.455205,0.347825
2015-05-18,0.253111,0.450772,0.344437
2015-05-19,0.24891,0.443288,0.338719
2015-05-20,0.245717,0.437602,0.334373
2015-05-21,0.246852,0.439625,0.33592
2015-05-22,0.245313,0.436884,0.333825
2015-05-23,0.241221,0.429593,0.328254
2015-05-24,0.235611,0.419605,0.320621
2015-05-25,0.234881,0.418306,0.31963
2015-05-26,0.238083,0.424008,0.323986
2015-05-27,0.236385,0.420983,0.321675
2015-05-28,0.230802,0.411042,0.314078
2015-05-29,0.23449,0.41761,0.319097
2015-05-30,0.240311,0.427974,0.327018
2015-05-31,0.240565,0.428429,0.327364
2015-06-01,0.237391,0.422776,0.323046
2015-06-02,0.237939,0.42375,0.323789
2015-06-03,0.23805,0.423948,0.323941
2015-06-04,0.239378,0.426313,0.325747
2015-06-05,0.234472,0.417577,0.319072
2015-06-06,0.243566,0.433771,0.331446
2015-06-07,0.243136,0.433008,0.330863
2015-06-08,0.248828,0.443145,0.338608
2015-06-09,0.249064,0.443564,0.338929
2015-06-10,0.255433,0.454906,0.347595
2015-06-11,0.253806,0.45201,0.345382
2015-06-12,0.254748,0.453687,0.346664
2015-06-13,0.250271,0.445713,0.340571
2015-06-14,0.251,0.447009,0.341562
2015-06-15,0.249436,0.444227,0.339435
2015-06-16,0.242893,0.432574,0.330532
2015-06-17,0.241746,0.430529,0.328969
2015-06-18,0.248307,0.442217,0.3379
2015-06-19,0.251012,0.447033,0.34158
2015-06-20,0.246523,0.43904,0.335471
2015-06-21,0.240793,0.428834,0.327675
2015-06-22,0.243002,0.432768,0.33068
2015-06-23,0.248403,0.442385,0.338028
2015-06-24,0.247705,0.441145,0.33708
2015-06-25,0.246724,0.439397,0.335745
2015-06-26,0.248441,0.442454,0.338082
2015-06-27,0.24701,0.439905,0.336134
2015-06-28,0.251028,0.447062,0.341602
2015-06-29,0.247642,0.441032,0.336994
2015-06-30,0.24866,0.442844,0.338379
2015-07-01,0.243122,0.432982,0.330844
2015-07-02,0.243392,0.433462,0.33121
2015-07-03,0.244875,0.436104,0.333229
2015-07-04,0.250084,0.44538,0.340316
2015-07-05,0.250272,0.445716,0.340574
2015-07-06,0.260244,0.463476,0.354143
2015-07-07,0.257354,0.458327,0.35021
2015-07-08,0.263671,0.469579,0.358808
2015-07-09,0.258568,0.460491,0.351864
2015-07-10,0.256659,0.45709,0.349264
2015-07-11,0.255909,0.455755,0.348245
2015-07-12,0.255322,0.454707,0.347444
2015-07-13,0.248324,0.442245,0.337922
2015-07-14,0.251935,0.448675,0.342834
2015-07-15,0.251251,0.447458,0.341905
2015-07-16,0.252595,0.449853,0.343734
2015-07-17,0.251904,0.448622,0.342794
2015-07-18,0.253149,0.450839,0.344487
2015-07-19,0.257411,0.458428,0.350286
2015-07-20,0.259206,0.461626,0.35273
2015-07-21,0.254948,0.454043,0.346936
2015-07-22,0.255198,0.454488,0.347276
2015-07-23,0.256488,0.456783,0.349031
2015-07-24,0.261992,0.466589,0.356522
2015-07-25,0.263673,0.469581,0.35881
2015-07-26,0.262297,0.467131,0.356936
2015-07-27,0.261424,0.465574,0.355747
2015-07-28,0.264473,0.471008,0.359899
2015-07-29,0.264653,0.471326,0.360143
2015-07-30,0.263942,0.47006,0.359174
2015-07-31,0.260333,0.463632,0.354263
2015-08-01,0.261065,0.464936,0.355259
2015-08-02,0.262636,0.467734,0.357398
2015-08-03,0.264679,0.471374,0.36018
2015-08-04,0.264679,0.471374,0.36018
2015-08-05,0.259614,0.462353,0.353286
2015-08-06,0.261912,0.466445,0.356413
2015-08-07,0.258339,0.46008,0.351549
2015-08-08,0.259858,0.462786,0.353618
2015-08-09,0.257854,0.45922,0.350891
2015-08-10,0.260748,0.464372,0.35483
2015-08-11,0.267497,0.476392,0.364013
2015-08-12,0.265971,0.473675,0.361937
2015-08-13,0.267294,0.476029,0.363736
2015-08-14,0.268644,0.478433,0.365573
2015-08-15,0.262617,0.467699,0.35737
2015-08-16,0.261588,0.46587,0.355974
2015-08-17,0.256454,0.456726,0.348986
2015-08-18,0.250859,0.44676,0.341371
2015-08-19,0.258554,0.460464,0.351843
2015-08-20,0.259323,0.461834,0.35289
2015-08-21,0.265006,0.471955,0.360624
2015-08-22,0.271585,0.48367,0.369576
2015-08-23,0.271574,0.483652,0.369561
2015-08-24,0.274576,0.488999,0.373646
2015-08-25,0.27406,0.488081,0.372945
2015-08-26,0.27656,0.492531,0.376345
2015-08-27,0.27404,0.488044,0.372917
2015-08-28,0.272654,0.485574,0.371029
2015-08-29,0.27318,0.486513,0.371746
2015-08-30,0.277163,0.493606,0.377166
2015-08-31,0.27769,0.494544,0.377884
2015-09-01,0.282691,0.50345,0.384688
2015-09-02,0.26285,0.502982,0.373409
2015-09-03,0.247155,0.50679,0.36637
2015-09-04,0.22906,0.509636,0.357559
2015-09-05,0.208699,0.506975,0.345
2015-09-06,0.190368,0.507106,0.334834
2015-09-07,0.171551,0.508308,0.324878
2015-09-08,0.15116,0.503052,0.311132
2015-09-09,0.150534,0.500972,0.309847
2015-09-10,0.155243,0.516644,0.319538
2015-09-11,0.155916,0.518882,0.320923
2015-09-12,0.15402,0.512572,0.31702
2015-09-13,0.155052,0.516006,0.319144
2015-09-14,0.155052,0.516006,0.319144
2015-09-15,0.158461,0.527354,0.326164
2015-09-16,0.157431,0.523924,0.324042
2015-09-17,0.15362,0.511244,0.316199
2015-09-18,0.152781,0.508448,0.314471
2015-09-19,0.152077,0.506108,0.313022
2015-09-20,0.149479,0.49746,0.307675
2015-09-21,0.147347,0.490365,0.303286
2015-09-22,0.147751,0.491709,0.304118
2015-09-23,0.151074,0.502767,0.310956
2015-09-24,0.151179,0.503118,0.311174
2015-09-25,0.153658,0.511367,0.316276
2015-09-26,0.157026,0.522573,0.323206
2015-09-27,0.160239,0.533269,0.329821
2015-09-28,0.161791,0.538432,0.333015
2015-09-29,0.164391,0.547084,0.338367
2015-09-30,0.162861,0.541995,0.335218
2015-10-01,0.164379,0.547043,0.33834
2015-10-02,0.160931,0.535569,0.331244
2015-10-03,0.161177,0.536389,0.331751
2015-10-04,0.16224,0.539929,0.333941
2015-10-05,0.164349,0.546946,0.338281
2015-10-06,0.160003,0.532484,0.329336
2015-10-07,0.158219,0.526547,0.325664
2015-10-08,0.156977,0.522413,0.323107
2015-10-09,0.155101,0.51617,0.319246
2015-10-10,0.157447,0.523975,0.324074
2015-10-11,0.156226,0.519914,0.321562
2015-10-12,0.154507,0.514196,0.318024
2015-10-13,0.153727,0.511595,0.316416
2015-10-14,0.156571,0.521059,0.32227
2015-10-15,0.160645,0.53462,0.330657
2015-10-16,0.163481,0.544057,0.336494
2015-10-17,0.159633,0.531251,0.328574
2015-10-18,0.159503,0.53082,0.328307
2015-10-19,0.163121,0.542859,0.335752
2015-10-20,0.16174,0.538264,0.332911
2015-10-21,0.160387,0.533762,0.330127
2015-10-22,0.157593,0.524462,0.324374
2015-10-23,0.158373,0.527058,0.32598
2015-10-24,0.159648,0.531302,0.328605
2015-10-25,0.161206,0.53649,0.331813
2015-10-26,0.161051,0.535971,0.331492
2015-10-27,0.163881,0.545389,0.337317
2015-10-28,0.163103,0.542797,0.335715
2015-10-29,0.164036,0.545904,0.337636
2015-10-30,0.167931,0.558865,0.345653
2015-10-31,0.168756,0.561614,0.347353
2015-11-01,0.168981,0.562362,0.347815
2015-11-02,0.167671,0.558003,0.345119
2015-11-03,0.169457,0.56395,0.348798
2015-11-04,0.17249,0.574037,0.355036
2015-11-05,0.17162,0.571144,0.353247
2015-11-06,0.167488,0.557395,0.344743
2015-11-07,0.168283,0.56004,0.346378
2015-11-08,0.166058,0.552635,0.341799
2015-11-09,0.165291,0.550083,0.340221
2015-11-10,0.163862,0.545327,0.33728
2015-11-11,0.166806,0.555126,0.34334
2015-11-12,0.17053,0.567515,0.351002
2015-11-13,0.174375,0.580313,0.358917
2015-11-14,0.174089,0.579361,0.35833
2015-11-15,0.178745,0.594854,0.367912
2015-11-16,0.184132,0.612786,0.379002
2015-11-17,0.185972,0.618908,0.382789
2015-11-18,0.183968,0.612239,0.378664
2015-11-19,0.17978,0.598299,0.370042
2015-11-20,0.180953,0.602203,0.372457
2015-11-21,0.186164,0.619547,0.383183
2015-11-22,0.188174,0.626233,0.387318
2015-11-23,0.186499,0.620662,0.383873
2015-11-24,0.190076,0.632566,0.391235
2015-11-25,0.191825,0.638384,0.394834
2015-11-26,0.201434,0.670365,0.414614
2015-11-27,0.198072,0.659176,0.407693
2015-11-28,0.197417,0.656994,0.406345
2015-11-29,0.196018,0.652342,0.403466
2015-11-30,0.198676,0.661187,0.408937
2015-12-01,0.200879,0.66852,0.413472
2015-12-02,0.203118,0.67597,0.41808
2015-12-03,0.196852,0.655114,0.405181
2015-12-04,0.200537,0.667381,0.412768
2015-12-05,0.204246,0.679723,0.420403
2015-12-06,0.206234,0.686338,0.424493
2015-12-07,0.205846,0.685047,0.423694
2015-12-08,0.209983,0.698814,0.432209
2015-12-09,0.213984,0.712127,0.440442
2015-12-10,0.231088,0.769052,0.47565
2015-12-11,0.23478,0.781336,0.483248
2015-12-12,0.235002,0.782077,0.483707
2015-12-13,0.234021,0.778814,0.481689
2015-12-14,0.243433,0.810136,0.50106
2015-12-15,0.245032,0.815456,0.504352
2015-12-16,0.243845,0.811507,0.501909
2015-12-17,0.231663,0.770964,0.476833
2015-12-18,0.234475,0.780321,0.482621
2015-12-19,0.238976,0.795303,0.491887
2015-12-20,0.249538,0.83045,0.513625
2015-12-21,0.245751,0.817848,0.505831
2015-12-22,0.244407,0.813375,0.503064
2015-12-23,0.248887,0.828288,0.512288
2015-12-24,0.250489,0.833617,0.515583
2015-12-25,0.253743,0.844447,0.522282
2015-12-26,0.257039,0.855414,0.529065
2015-12-27,0.266454,0.886748,0.548445
2015-12-28,0.266715,0.887619,0.548983
2015-12-29,0.268832,0.894662,0.55334
2015-12-30,0.270714,0.900925,0.557213
2015-12-31,0.273622,0.910603,0.563198
2016-01-01,0.270818,0.901272,0.557427
2016-01-02,0.268512,0.893597,0.55268
2016-01-03,0.258017,0.858672,0.53108
2016-01-04,0.269808,0.897909,0.555347
2016-01-05,0.273453,0.910043,0.562853
2016-01-06,0.271306,0.902894,0.558431
2016-01-07,0.274155,0.912378,0.564297
2016-01-08,0.284068,0.945366,0.584698
2016-01-09,0.285414,0.949845,0.587469
2016-01-10,0.293233,0.975868,0.603564
2016-01-11,0.290366,0.966326,0.597663
2016-01-12,0.293532,0.976863,0.60418
2016-01-13,0.29785,0.991232,0.613067
2016-01-14,0.297363,0.98961,0.612063
2016-01-15,0.286761,0.954328,0.590242
2016-01-16,0.287789,0.957751,0.592359
2016-01-17,0.285127,0.948891,0.586879
2016-01-18,0.289798,0.964437,0.596495
2016-01-19,0.28333,0.942913,0.583182
2016-01-20,0.285486,0.950084,0.587617
2016-01-21,0.286405,0.953142,0.589508
2016-01-22,0.301717,1.0041,0.621027
2016-01-23,0.312209,1.03902,0.642623
2016-01-24,0.31764,1.05709,0.653802
2016-01-25,0.314523,1.04672,0.647386
2016-01-26,0.32351,1.07663,0.665883
2016-01-27,0.326702,1.08725,0.672452
2016-01-28,0.331685,1.10383,0.682711
2016-01-29,0.332269,1.10578,0.683914
2016-01-30,0.337651,1.12369,0.694988
2016-01-31,0.343498,1.14314,0.707023
2016-02-01,0.345637,1.15027,0.711428
2016-02-02,0.352957,1.17463,0.726495
2016-02-03,0.360143,1.19854,0.741284
2016-02-04,0.366443,1.21951,0.754255
2016-02-05,0.372127,1.23842,0.765953
2016-02-06,0.375733,1.25043,0.773376
2016-02-07,0.383475,1.27619,0.789309
2016-02-08,0.388465,1.2928,0.79958
2016-02-09,0.397524,1.32294,0.818228
2016-02-10,0.402872,1.34074,0.829235
2016-02-11,0.421546,1.40289,0.867673
2016-02-12,0.426396,1.41903,0.877656
2016-02-13,0.422606,1.40641,0.869854
2016-02-14,0.420022,1.39781,0.864534
2016-02-15,0.421453,1.40258,0.867482
2016-02-16,0.407847,1.3573,0.839474
2016-02-17,0.404326,1.34558,0.832226
2016-02-18,0.396096,1.31819,0.815287
2016-02-19,0.39016,1.29844,0.803069
2016-02-20,0.394931,1.31431,0.812888
2016-02-21,0.387497,1.28957,0.797587
2016-02-22,0.384662,1.28014,0.791754
2016-02-23,0.390195,1.29855,0.803141
2016-02-24,0.382644,1.27342,0.787598
2016-02-25,0.385086,1.28155,0.792627
2016-02-26,0.386663,1.2868,0.795871
2016-02-27,0.385161,1.2818,0.79278
2016-02-28,0.387591,1.28989,0.797781
2016-02-29,0.390021,1.29797,0.802782
2016-03-01,0.391753,1.30374,0.806348
2016-03-02,0.407537,1.35626,0.838836
2016-03-03,0.399442,1.32933,0.822175
2016-03-04,0.405089,1.34812,0.833797
2016-03-05,0.404422,1.3459,0.832426
2016-03-06,0.40823,1.35857,0.840263
2016-03-07,0.406266,1.35204,0.836221
2016-03-08,0.409592,1.36311,0.843066
2016-03-09,0.411934,1.3709,0.847887
2016-03-10,0.417767,1.39031,0.859893
2016-03-11,0.417909,1.39078,0.860186
2016-03-12,0.415562,1.38297,0.855353
2016-03-13,0.409391,1.36244,0.842654
2016-03-14,0.416821,1.38716,0.857946
2016-03-15,0.419558,1.39627,0.863579
2016-03-16,0.412997,1.37444,0.850075
2016-03-17,0.407527,1.35623,0.838816
2016-03-18,0.399561,1.32973,0.822421
2016-03-19,0.398515,1.32624,0.820267
2016-03-20,0.406135,1.3516,0.835951
2016-03-21,0.40348,1.34277,0.830488
2016-03-22,0.400688,1.33347,0.824739
2016-03-23,0.402111,1.33821,0.827669
2016-03-24,0.407011,1.35452,0.837756
2016-03-25,0.412045,1.37127,0.848115
2016-03-26,0.418666,1.3933,0.861742
2016-03-27,0.416628,1.38652,0.857551
2016-03-28,0.429254,1.42854,0.883537
2016-03-29,0.432603,1.43968,0.89043
2016-03-30,0.431789,1.43698,0.888756
2016-03-31,0.422429,1.40583,0.86949
2016-04-01,0.425369,1.41561,0.87554
2016-04-02,0.420138,1.3982,0.864773
2016-04-03,0.421017,1.40113,0.866583
2016-04-04,0.419631,1.39652,0.86373
2016-04-05,0.419334,1.39553,0.863119
2016-04-06,0.42392,1.41079,0.872558
2016-04-07,0.430161,1.43156,0.885404
2016-04-08,0.426583,1.41965,0.878039
2016-04-09,0.436,1.45099,0.89742
2016-04-10,0.448364,1.49213,0.922871
2016-04-11,0.443046,1.47444,0.911923
2016-04-12,0.439858,1.46384,0.905364
2016-04-13,0.442721,1.47336,0.911254
2016-04-14,0.456156,1.51806,0.93891
2016-04-15,0.457805,1.52356,0.942302
2016-04-16,0.451996,1.50423,0.930348
2016-04-17,0.450443,1.49906,0.927152
2016-04-18,0.446238,1.48506,0.918494
2016-04-19,0.451393,1.50223,0.929107
2016-04-20,0.456576,1.51946,0.939774
2016-04-21,0.452099,1.50456,0.930559
2016-04-22,0.453846,1.51038,0.934155
2016-04-23,0.456467,1.5191,0.93955
2016-04-24,0.44511,1.48131,0.916173
2016-04-25,0.441729,1.47006,0.909215
2016-04-26,0.442166,1.47151,0.910113
2016-04-27,0.426451,1.41921,0.877769
2016-04-28,0.419157,1.39493,0.862752
2016-04-29,0.425691,1.41668,0.876204
2016-04-30,0.426556,1.41956,0.877985
2016-05-01,0.436262,1.45186,0.897961
2016-05-02,0.449329,1.49536,0.92486
2016-05-03,0.449322,1.49533,0.924846
2016-05-04,0.465537,1.54929,0.958217
2016-05-05,0.474245,1.57826,0.976141
2016-05-06,0.475986,1.58406,0.979726
2016-05-07,0.477381,1.58871,0.982597
2016-05-08,0.483038,1.60753,0.994242
2016-05-09,0.489131,1.62781,1.00678
2016-05-10,0.49182,1.63676,1.01232
2016-05-11,0.481058,1.60094,0.990168
2016-05-12,0.479377,1.59535,0.986707
2016-05-13,0.480449,1.59891,0.988911
2016-05-14,0.483303,1.60842,0.994787
2016-05-15,0.475974,1.58402,0.979702
2016-05-16,0.467948,1.55731,0.963181
2016-05-17,0.465911,1.55054,0.958988
2016-05-18,0.476376,1.58537,0.98053
2016-05-19,0.467067,1.55438,0.961366
2016-05-20,0.465651,1.54966,0.958452
2016-05-21,0.464235,1.54496,0.955539
2016-05-22,0.485113,1.61444,0.998515
2016-05-23,0.5035,1.67563,1.03636
2016-05-24,0.506574,1.68586,1.04269
2016-05-25,0.500833,1.66675,1.03087
2016-05-26,0.509555,1.69577,1.04882
2016-05-27,0.506549,1.68577,1.04263
2016-05-28,0.504047,1.67745,1.03748
2016-05-29,0.48843,1.62547,1.00534
2016-05-30,0.473248,1.57495,0.97409
2016-05-31,0.464808,1.54686,0.95672
2016-06-01,0.467222,1.55489,0.961687
2016-06-02,0.425941,1.55971,0.92873
2016-06-03,0.383422,1.56453,0.894733
2016-06-04,0.339572,1.54093,0.849218
2016-06-05,0.298066,1.57784,0.827814
2016-06-06,0.258008,1.61957,0.809386
2016-06-07,0.220803,1.63926,0.785296
2016-06-08,0.176386,1.63739,0.747255
2016-06-09,0.180587,1.67638,0.76505
2016-06-10,0.180397,1.67462,0.764242
2016-06-11,0.186345,1.72985,0.789447
2016-06-12,0.181792,1.68756,0.770149
2016-06-13,0.179655,1.66773,0.761098
2016-06-14,0.177903,1.65146,0.753676
2016-06-15,0.179229,1.66378,0.759297
2016-06-16,0.176386,1.6374,0.747255
2016-06-17,0.177234,1.64526,0.750848
2016-06-18,0.177447,1.64724,0.751747
2016-06-19,0.182701,1.696,0.774005
2016-06-20,0.183209,1.70073,0.776159
2016-06-21,0.187331,1.739,0.793621
2016-06-22,0.184928,1.71668,0.783441
2016-06-23,0.185024,1.71756,0.783845
2016-06-24,0.182998,1.69877,0.775263
2016-06-25,0.185547,1.72243,0.786064
2016-06-26,0.181989,1.6894,0.770989
2016-06-27,0.180811,1.67847,0.765999
2016-06-28,0.180849,1.67882,0.766157
2016-06-29,0.18392,1.70732,0.779169
2016-06-30,0.185726,1.72409,0.786822
2016-07-01,0.190284,1.76639,0.806129
2016-07-02,0.187937,1.74461,0.796186
2016-07-03,0.189382,1.75801,0.802305
2016-07-04,0.189997,1.76373,0.804912
2016-07-05,0.189948,1.76329,0.804706
2016-07-06,0.189341,1.75765,0.802135
2016-07-07,0.187326,1.73894,0.793602
2016-07-08,0.186016,1.72679,0.788051
2016-07-09,0.186523,1.73148,0.790194
2016-07-10,0.187307,1.73877,0.793517
2016-07-11,0.18632,1.72961,0.789337
2016-07-12,0.185952,1.7262,0.787782
2016-07-13,0.183868,1.70684,0.778948
2016-07-14,0.184602,1.71365,0.782057
2016-07-15,0.182767,1.69661,0.774284
2016-07-16,0.184169,1.70964,0.780224
2016-07-17,0.182884,1.69772,0.774785
2016-07-18,0.183802,1.70623,0.778674
2016-07-19,0.180998,1.68019,0.766787
2016-07-20,0.184859,1.71605,0.783152
2016-07-21,0.183404,1.62714,0.750918
2016-07-22,0.182314,1.5439,0.721021
2016-07-23,0.177494,1.42498,0.674957
2016-07-24,0.17292,1.31226,0.631293
2016-07-25,0.169814,1.20919,0.59247
2016-07-26,0.169938,1.13739,0.567773
2016-07-27,0.165905,1.02745,0.525622
2016-07-28,0.166454,1.03085,0.527364
2016-07-29,0.169693,1.05091,0.537626
2016-07-30,0.167495,1.03729,0.530659
2016-07-31,0.172992,1.07134,0.548077
2016-08-01,0.177023,1.09631,0.56085
2016-08-02,0.181142,1.12181,0.573898
2016-08-03,0.186451,1.15469,0.590719
2016-08-04,0.188043,1.16455,0.59576
2016-08-05,0.190323,1.17867,0.602987
2016-08-06,0.197278,1.22175,0.625022
2016-08-07,0.194638,1.2054,0.616657
2016-08-08,0.192251,1.19061,0.609094
2016-08-09,0.185923,1.15143,0.589048
2016-08-10,0.183262,1.13494,0.580614
2016-08-11,0.182743,1.13173,0.578969
2016-08-12,0.179282,1.11029,0.568004
2016-08-13,0.178699,1.10668,0.566159
2016-08-14,0.181294,1.12275,0.574379
2016-08-15,0.181214,1.12226,0.574124
2016-08-16,0.184842,1.14473,0.585619
2016-08-17,0.18163,1.12484,0.575446
2016-08-18,0.184365,1.14177,0.584108
2016-08-19,0.187272,1.15977,0.593317
2016-08-20,0.187876,1.16352,0.595234
2016-08-21,0.190037,1.1769,0.60208
2016-08-22,0.193873,1.20065,0.61423
2016-08-23,0.196105,1.21448,0.621304
2016-08-24,0.2015,1.24789,0.638398
2016-08-25,0.196965,1.2198,0.624026
2016-08-26,0.192872,1.19446,0.611062
2016-08-27,0.190827,1.18179,0.60458
2016-08-28,0.18878,1.16912,0.598098
2016-08-29,0.18719,1.15927,0.59306
2016-08-30,0.190826,1.18178,0.604578
2016-08-31,0.187866,1.16346,0.595202
2016-09-01,0.190063,1.17706,0.60216
2016-09-02,0.194407,1.20397,0.615927
2016-09-03,0.191427,1.18551,0.606481
2016-09-04,0.196892,1.21935,0.623798
2016-09-05,0.195474,1.21057,0.619305
2016-09-06,0.190191,1.17785,0.602568
2016-09-07,0.193519,1.19846,0.61311
2016-09-08,0.194273,1.20313,0.615501
2016-09-09,0.192198,1.19029,0.608927
2016-09-10,0.197598,1.22372,0.626034
2016-09-11,0.19477,1.20621,0.617074
2016-09-12,0.199662,1.2365,0.632572
2016-09-13,0.205772,1.27434,0.651929
2016-09-14,0.207202,1.2832,0.65646
2016-09-15,0.209754,1.29901,0.664545
2016-09-16,0.209716,1.29877,0.664428
2016-09-17,0.211929,1.31248,0.671441
2016-09-18,0.208979,1.2942,0.662089
2016-09-19,0.203277,1.25889,0.644023
2016-09-20,0.200578,1.24218,0.635477
2016-09-21,0.202505,1.25412,0.641582
2016-09-22,0.19993,1.23817,0.633423
2016-09-23,0.199353,1.23459,0.631591
2016-09-24,0.19993,1.23817,0.633423
2016-09-25,0.20903,1.29453,0.662255
2016-09-26,0.21489,1.33081,0.680817
2016-09-27,0.220084,1.36298,0.697277
2016-09-28,0.218561,1.35355,0.692452
2016-09-29,0.220823,1.36756,0.699616
2016-09-30,0.223762,1.38577,0.708928
2016-10-01,0.22409,1.38778,0.709965
2016-10-02,0.216004,1.33771,0.684349
2016-10-03,0.215517,1.3347,0.682805
2016-10-04,0.213667,1.32325,0.676947
2016-10-05,0.217571,1.34742,0.689314
2016-10-06,0.221192,1.36984,0.700782
2016-10-07,0.221396,1.37111,0.701433
2016-10-08,0.225275,1.39512,0.713721
2016-10-09,0.231451,1.43338,0.733289
2016-10-10,0.227734,1.41035,0.72151
2016-10-11,0.225879,1.39887,0.715634
2016-10-12,0.223198,1.38226,0.70714
2016-10-13,0.218309,1.35199,0.69165
2016-10-14,0.218873,1.35548,0.693438
2016-10-15,0.214009,1.32536,0.678027
2016-10-16,0.207336,1.28404,0.656888
2016-10-17,0.207556,1.2854,0.657585
2016-10-18,0.211074,1.30718,0.66873
2016-10-19,0.206824,1.28086,0.655265
2016-10-20,0.208143,1.28903,0.659443
2016-10-21,0.214297,1.32714,0.678941
2016-10-22,0.215615,1.3353,0.683113
2016-10-23,0.21809,1.35063,0.690957
2016-10-24,0.221449,1.37143,0.701598
2016-10-25,0.217278,1.3456,0.688384
2016-10-26,0.219558,1.35972,0.695608
2016-10-27,0.225032,1.39363,0.712954
2016-10-28,0.221685,1.3729,0.70235
2016-10-29,0.221211,1.36996,0.700845
2016-10-30,0.22638,1.40197,0.717224
2016-10-31,0.227162,1.40681,0.719699
2016-11-01,0.228238,1.41348,0.723109
2016-11-02,0.227162,1.40681,0.719699
2016-11-03,0.225576,1.39699,0.714673
2016-11-04,0.217827,1.349,0.690124
2016-11-05,0.217444,1.34663,0.68891
2016-11-06,0.21427,1.32698,0.678856
2016-11-07,0.214179,1.32641,0.678566
2016-11-08,0.219701,1.36062,0.696064
2016-11-09,0.222761,1.37956,0.705756
2016-11-10,0.2257,1.39776,0.715067
2016-11-11,0.235947,1.46122,0.747535
2016-11-12,0.240475,1.48926,0.761879
2016-11-13,0.238101,1.47455,0.754356
2016-11-14,0.243714,1.50932,0.772138
2016-11-15,0.240822,1.49142,0.762979
2016-11-16,0.246001,1.52348,0.779387
2016-11-17,0.244059,1.51146,0.773235
2016-11-18,0.243086,1.50543,0.770154
2016-11-19,0.240748,1.49095,0.762744
2016-11-20,0.240676,1.4905,0.762514
2016-11-21,0.236674,1.46573,0.749838
2016-11-22,0.235015,1.45545,0.744581
2016-11-23,0.233224,1.44436,0.738904
2016-11-24,0.237516,1.47094,0.752504
2016-11-25,0.239529,1.48341,0.758882
2016-11-26,0.242153,1.49966,0.767196
2016-11-27,0.245885,1.52276,0.779017
2016-11-28,0.251846,1.55969,0.797907
2016-11-29,0.255424,1.58185,0.80924
2016-11-30,0.254143,1.57391,0.80518
2016-12-01,0.250328,1.55028,0.793095
2016-12-02,0.248733,1.5404,0.788041
2016-12-03,0.253896,1.57238,0.804399
2016-12-04,0.25547,1.58213,0.809388
2016-12-05,0.253249,1.56837,0.802349
2016-12-06,0.254028,1.5732,0.804818
2016-12-07,0.262382,1.62493,0.831285
2016-12-08,0.265662,1.64525,0.841676
2016-12-09,0.263679,1.63297,0.835394
2016-12-10,0.253985,1.57293,0.804681
2016-12-11,0.263436,1.63147,0.834627
2016-12-12,0.264313,1.63689,0.837404
2016-12-13,0.271097,1.6789,0.858896
2016-12-14,0.262617,1.62639,0.832031
2016-12-15,0.257671,1.59575,0.816357
2016-12-16,0.259813,1.60902,0.823145
2016-12-17,0.265563,1.64464,0.841364
2016-12-18,0.257117,1.59233,0.814607
2016-12-19,0.258889,1.6033,0.820217
2016-12-20,0.25193,1.5602,0.798169
2016-12-21,0.259819,1.60906,0.823167
2016-12-22,0.268295,1.66155,0.850016
2016-12-23,0.273268,1.69235,0.865773
2016-12-24,0.27134,1.68041,0.859667
2016-12-25,0.277619,1.71931,0.879563
2016-12-26,0.275264,1.70471,0.872102
2016-12-27,0.279876,1.73328,0.88671
2016-12-28,0.281482,1.74323,0.8918
2016-12-29,0.280081,1.73455,0.887361
2016-12-30,0.282288,1.74821,0.89435
2016-12-31,0.286104,1.77184,0.906441
2017-01-01,0.284741,1.76341,0.902126
2017-01-02,0.290095,1.79657,0.919087
2017-01-03,0.293228,1.81596,0.929011
2017-01-04,0.291026,1.80233,0.922034
2017-01-05,0.288248,1.78513,0.913233
2017-01-06,0.289318,1.79176,0.916625
2017-01-07,0.286543,1.77455,0.907829
2017-01-08,0.289485,1.79279,0.917153
2017-01-09,0.283332,1.75468,0.897658
2017-01-10,0.282486,1.74944,0.894981
2017-01-11,0.284962,1.76477,0.902821
2017-01-12,0.296302,1.835,0.938749
2017-01-13,0.295682,1.83115,0.936786
2017-01-14,0.307552,1.90468,0.974395
2017-01-15,0.310252,1.92139,0.982949
2017-01-16,0.321695,1.99227,1.0192
2017-01-17,0.323392,2.00277,1.02457
2017-01-18,0.322541,1.9975,1.02188
2017-01-19,0.322995,2.0003,1.02332
2017-01-20,0.334045,2.06874,1.05833
2017-01-21,0.336476,2.0838,1.06603
2017-01-22,0.339071,2.09987,1.07425
2017-01-23,0.336795,2.08578,1.06704
2017-01-24,0.341151,2.11276,1.08084
2017-01-25,0.347889,2.15448,1.10219
2017-01-26,0.349812,2.16638,1.10828
2017-01-27,0.352319,2.18191,1.11623
2017-01-28,0.351271,2.17542,1.1129
2017-01-29,0.356543,2.20808,1.12961
2017-01-30,0.358398,2.21956,1.13549
2017-01-31,0.357078,2.21138,1.1313
2017-02-01,0.371268,2.29927,1.17626
2017-02-02,0.371338,2.30255,1.14196
2017-02-03,0.363974,2.25964,1.08587
2017-02-04,0.361107,2.24452,1.04499
2017-02-05,0.361742,2.25153,1.00948
2017-02-06,0.358146,2.2317,0.968574
2017-02-07,0.363351,2.26688,0.949407
2017-02-08,0.351178,2.19432,0.876446
2017-02-09,0.359203,2.24447,0.896475
2017-02-10,0.36212,2.2627,0.903754
2017-02-11,0.363541,2.27158,0.9073
2017-02-12,0.356873,2.22991,0.89066
2017-02-13,0.370208,2.31324,0.923939
2017-02-14,0.376393,2.35189,0.939376
2017-02-15,0.373937,2.33654,0.933248
2017-02-16,0.367624,2.29709,0.91749
2017-02-17,0.368899,2.30506,0.920672
2017-02-18,0.374528,2.34023,0.934722
2017-02-19,0.374496,2.34003,0.93464
2017-02-20,0.371394,2.32065,0.926897
2017-02-21,0.362659,2.26607,0.905099
2017-02-22,0.36444,2.27721,0.909545
2017-02-23,0.36628,2.2887,0.914137
2017-02-24,0.373004,2.3307,0.930916
2017-02-25,0.379769,2.37297,0.9478
2017-02-26,0.395728,2.4727,0.98763
2017-02-27,0.394265,2.46355,0.983978
2017-02-28,0.399751,2.49783,0.997671
2017-03-01,0.401807,2.51067,1.0028
2017-03-02,0.404365,2.52667,1.00919
2017-03-03,0.400659,2.5035,0.999934
2017-03-04,0.389916,2.43638,0.973124
2017-03-05,0.381023,2.38081,0.950928
2017-03-06,0.382645,2.39095,0.954978
2017-03-07,0.385046,2.40595,0.960971
2017-03-08,0.386668,2.41609,0.96502
2017-03-09,0.385833,2.41087,0.962934
2017-03-10,0.38943,2.43334,0.971912
2017-03-11,0.395921,2.4739,0.98811
2017-03-12,0.398975,2.49299,0.995733
2017-03-13,0.399981,2.49927,0.998245
2017-03-14,0.401126,2.50643,1.0011
2017-03-15,0.401126,2.50643,1.0011
2017-03-16,0.402893,2.51747,1.00551
2017-03-17,0.403356,2.52035,1.00667
2017-03-18,0.408349,2.55156,1.01913
2017-03-19,0.414062,2.58726,1.03338
2017-03-20,0.412311,2.57631,1.02901
2017-03-21,0.408726,2.55392,1.02007
2017-03-22,0.417031,2.60581,1.0408
2017-03-23,0.416953,2.60533,1.0406
2017-03-24,0.426293,2.66369,1.06391
2017-03-25,0.416703,2.60376,1.03998
2017-03-26,0.417095,2.60622,1.04096
2017-03-27,0.415522,2.59637,1.03703
2017-03-28,0.420492,2.62743,1.04943
2017-03-29,0.412231,2.57582,1.02882
2017-03-30,0.419594,2.43135,1.0048
2017-03-31,0.405996,2.18449,0.934839
2017-04-01,0.408213,2.04,0.905136
2017-04-02,0.408193,1.85033,0.858072
2017-04-03,0.428827,1.76845,0.857273
2017-04-04,0.419506,1.56031,0.796831
2017-04-05,0.432143,1.44501,0.780183
2017-04-06,0.427152,1.42831,0.766464
2017-04-07,0.438294,1.65978,0.815153
2017-04-08,0.440358,1.83091,0.842716
2017-04-09,0.440616,2.02218,0.875562
2017-04-10,0.428652,2.15834,0.884286
2017-04-11,0.445979,2.4164,0.949087
2017-04-12,0.437577,2.55809,0.96305
2017-04-13,0.43132,2.6951,0.978806
2017-04-14,0.424265,2.65101,0.962793
2017-04-15,0.432099,2.69996,0.980571
2017-04-16,0.42929,2.6824,0.974197
2017-04-17,0.42799,2.67428,0.971248
2017-04-18,0.421735,2.6352,0.957054
2017-04-19,0.424646,2.65338,0.963656
2017-04-20,0.429597,2.68433,0.974896
2017-04-21,0.441474,2.75854,1.00185
2017-04-22,0.439327,2.74512,0.996974
2017-04-23,0.442333,2.7639,1.0038
2017-04-24,0.436168,2.72539,0.989806
2017-04-25,0.437026,2.73075,0.991755
2017-04-26,0.44132,2.75758,1.0015
2017-04-27,0.445159,2.78156,1.01021
2017-04-28,0.431987,2.69926,0.980316
2017-04-29,0.444168,2.77538,1.00796
2017-04-30,0.443303,2.76996,1.006
2017-05-01,0.454601,2.84056,1.03164
2017-05-02,0.459043,2.86832,1.04172
2017-05-03,0.450005,2.81184,1.02121
2017-05-04,0.459042,2.86831,1.04172
2017-05-05,0.456034,2.84952,1.03489
2017-05-06,0.453729,2.83511,1.02966
2017-05-07,0.460603,2.87807,1.04526
2017-05-08,0.473493,2.95862,1.07451
2017-05-09,0.472041,2.94954,1.07121
2017-05-10,0.483103,3.01866,1.09632
2017-05-11,0.47315,2.95647,1.07373
2017-05-12,0.488535,3.05261,1.10864
2017-05-13,0.489179,3.05663,1.11011
2017-05-14,0.493017,3.08061,1.11882
2017-05-15,0.493865,3.08591,1.12074
2017-05-16,0.488118,3.05,1.1077
2017-05-17,0.491778,3.07286,1.116
2017-05-18,0.49483,3.29571,1.1688
2017-05-19,0.499433,3.55983,1.23223
2017-05-20,0.502656,3.81675,1.29284
2017-05-21,0.494661,3.97745,1.32212
2017-05-22,0.483618,4.11789,1.34421
2017-05-23,0.503669,4.49506,1.44642
2017-05-24,0.507583,4.75408,1.50809
2017-05-25,0.522057,4.88964,1.55109
2017-05-26,0.521515,4.88457,1.54949
2017-05-27,0.527675,4.94225,1.5678
2017-05-28,0.540823,5.06541,1.60686
2017-05-29,0.547391,5.12693,1.62637
2017-05-30,0.554248,5.19115,1.64674
2017-05-31,0.55914,5.23696,1.66128
2017-06-01,0.56237,5.26722,1.67087
2017-06-02,0.558947,5.23516,1.66071
2017-06-03,0.570684,5.34509,1.69558
2017-06-04,0.573154,5.36823,1.70291
2017-06-05,0.590653,5.53212,1.75491
2017-06-06,0.587024,5.49814,1.74413
2017-06-07,0.598721,5.6077,1.77888
2017-06-08,0.607487,5.6898,1.80493
2017-06-09,0.619976,5.80677,1.84203
2017-06-10,0.604637,5.6631,1.79646
2017-06-11,0.602606,5.64408,1.79042
2017-06-12,0.592942,5.55357,1.7617
2017-06-13,0.58738,5.50147,1.74519
2017-06-14,0.573474,5.37122,1.70387
2017-06-15,0.566606,5.30689,1.68346
2017-06-16,0.564938,5.29128,1.6785
2017-06-17,0.567405,5.31438,1.68584
2017-06-18,0.570565,5.34398,1.69522
2017-06-19,0.576861,5.40294,1.71393
2017-06-20,0.578916,5.4222,1.72004
2017-06-21,0.582692,5.45756,1.73125
2017-06-22,0.57846,5.41792,1.71868
2017-06-23,0.589443,5.52079,1.75131
2017-06-24,0.593692,5.56059,1.76394
2017-06-25,0.580093,5.43322,1.72354
2017-06-26,0.574852,5.38412,1.70797
2017-06-27,0.570775,5.34595,1.69585
2017-06-28,0.580478,5.43682,1.72468
2017-06-29,0.569415,5.33322,1.6918
2017-06-30,0.565922,5.30049,1.68144
2017-07-01,0.576199,5.39674,1.71196
2017-07-02,0.614145,5.75216,1.80455
2017-07-03,0.630019,5.90083,1.83349
2017-07-04,0.642225,6.01514,1.85337
2017-07-05,0.637199,5.96809,1.82248
2017-07-06,0.649648,6.08467,1.84424
2017-07-07,0.645569,6.04646,1.81629
2017-07-08,0.645746,6.04812,1.79914
2017-07-09,0.616788,5.77691,1.71846
2017-07-10,0.632207,5.92132,1.76143
2017-07-11,0.643787,6.02977,1.79368
2017-07-12,0.659771,6.1795,1.83822
2017-07-13,0.668453,6.26081,1.86241
2017-07-14,0.669664,6.27215,1.86578
2017-07-15,0.65739,6.15719,1.83159
2017-07-16,0.68461,6.41214,1.90743
2017-07-17,0.667845,5.95205,1.79807
2017-07-18,0.6759,5.68984,1.75073
2017-07-19,0.671363,5.34234,1.67505
2017-07-20,0.686929,5.15653,1.64987
2017-07-21,0.700999,4.97361,1.62403
2017-07-22,0.72266,4.84908,1.61671
2017-07-23,0.728568,4.55244,1.56042
2017-07-24,0.748003,4.67388,1.60204
2017-07-25,0.736849,4.60418,1.57815
2017-07-26,0.735536,4.59598,1.57535
2017-07-27,0.734258,4.588,1.5726
2017-07-28,0.738446,4.61417,1.58157
2017-07-29,0.743607,4.64641,1.59263
2017-07-30,0.733634,4.5841,1.57127
2017-07-31,0.718578,4.49002,1.53902
2017-08-01,0.725998,4.53638,1.55492
2017-08-02,0.735924,4.59842,1.56842
2017-08-03,0.727479,4.54564,1.54329
2017-08-04,0.747804,4.67263,1.57769
2017-08-05,0.761561,4.75859,1.59813
2017-08-06,0.756657,4.72796,1.58049
2017-08-07,0.762003,4.76136,1.58415
2017-08-08,0.772508,4.82699,1.59828
2017-08-09,0.766089,5.09876,1.64426
2017-08-10,0.769898,5.43637,1.71178
2017-08-11,0.752777,5.66674,1.74046
2017-08-12,0.730295,5.84252,1.75405
2017-08-13,0.743487,6.27164,1.84722
2017-08-14,0.7338,6.515,1.88492
2017-08-15,0.733194,6.86717,1.95131
2017-08-16,0.730875,6.84545,1.94514
2017-08-17,0.764414,7.1596,2.0344
2017-08-18,0.768169,7.19476,2.0444
2017-08-19,0.780183,7.30729,2.07636
2017-08-20,0.766407,7.17826,2.0397
2017-08-21,0.755148,7.0728,2.00974
2017-08-22,0.707856,6.62987,1.88387
2017-08-23,0.729378,6.83143,1.94115
2017-08-24,0.668112,6.25761,1.7781
2017-08-25,0.629214,5.8933,1.67458
2017-08-26,0.591705,5.54197,1.57475
2017-08-27,0.605842,5.6744,1.61238
2017-08-28,0.612669,5.73834,1.63055
2017-08-29,0.653433,6.12013,1.73904
2017-08-30,0.655176,6.13645,1.74368
2017-08-31,0.69976,6.55403,1.86233
2017-09-01,0.752422,7.04728,2.00248
2017-09-02,0.794715,7.44339,2.08861
2017-09-03,0.793994,7.43664,2.06188
2017-09-04,0.827167,7.74734,2.12197
2017-09-05,0.86149,8.06882,2.18162
2017-09-06,0.859297,8.04827,2.1492
2017-09-07,0.873308,8.17949,2.15709
2017-09-08,0.878935,8.2322,2.1428
2017-09-09,0.887276,8.31033,2.16312
2017-09-10,0.879314,8.23575,2.14372
2017-09-11,0.88347,8.27468,2.15384
2017-09-12,0.882255,8.26331,2.15088
2017-09-13,0.905316,8.47929,2.2071
2017-09-14,0.903819,8.46528,2.20346
2017-09-15,0.907249,8.49741,2.21183
2017-09-16,0.907249,8.49741,2.21183
2017-09-17,0.935672,8.7636,2.28111
2017-09-18,0.914268,8.56314,2.22894
2017-09-19,0.913182,8.55296,2.22629
2017-09-20,0.87573,8.20218,2.13497
2017-09-21,0.902686,8.45466,2.2007
2017-09-22,0.892385,8.35818,2.17558
2017-09-23,0.914436,8.56473,2.22934
2017-09-24,0.91218,8.54358,2.22384
2017-09-25,0.914929,8.56933,2.23054
2017-09-26,0.898845,8.41868,2.19133
2017-09-27,0.925337,8.66681,2.25592
2017-09-28,0.926229,8.67517,2.2581
2017-09-29,0.953026,8.92614,2.32342
2017-09-30,0.927703,8.68898,2.26169
2017-10-01,0.914359,8.564,2.22916
2017-10-02,0.939166,8.79632,2.28963
2017-10-03,0.982042,9.19792,2.39417
2017-10-04,0.972657,9.11002,2.37128
2017-10-05,0.928312,8.69467,2.26317
2017-10-06,0.921705,8.63279,2.24706
2017-10-07,0.942164,8.82442,2.29694
2017-10-08,0.991524,9.28673,2.41728
2017-10-09,1.00118,9.37717,2.44082
2017-10-10,0.980285,9.18146,2.38988
2017-10-11,0.984828,9.22402,2.40096
2017-10-12,1.00992,9.45908,2.46215
2017-10-13,0.989037,9.26344,2.41121
2017-10-14,0.973597,9.11883,2.37358
2017-10-15,0.994674,9.31624,2.42496
2017-10-16,1.01673,9.52279,2.47872
2017-10-17,1.02967,9.64404,2.51028
2017-10-18,1.04946,9.82934,2.55852
2017-10-19,1.08263,10.14,2.6394
2017-10-20,1.13182,10.6007,2.75931
2017-10-21,1.15171,10.7871,2.80781
2017-10-22,1.14104,10.6871,2.78178
2017-10-23,1.13776,10.6564,2.77379
2017-10-24,1.14065,10.6835,2.78084
2017-10-25,1.1731,10.9874,2.85995
2017-10-26,1.18143,11.0654,2.88027
2017-10-27,1.1305,10.5884,2.7561
2017-10-28,1.08204,10.1345,2.63794
2017-10-29,1.08682,10.1792,2.64959
2017-10-30,1.094,10.2466,2.66712
2017-10-31,1.09451,10.2513,2.66836
2017-11-01,1.09836,10.2874,2.67774
2017-11-02,1.09398,10.2464,2.65026
2017-11-03,1.11155,10.4109,2.67976
2017-11-04,1.16387,10.9009,2.79276
2017-11-05,1.14865,10.7583,2.73985
2017-11-06,1.13225,10.6048,2.68499
2017-11-07,1.15294,10.7986,2.71799
2017-11-08,1.13889,10.667,2.66763
2017-11-09,1.14241,10.6999,2.67586
2017-11-10,1.13999,10.6773,2.67018
2017-11-11,1.07579,10.0759,2.51981
2017-11-12,0.998712,9.35405,2.33928
2017-11-13,0.996933,9.33739,2.33511
2017-11-14,0.954733,8.94213,2.23627
2017-11-15,0.953271,8.92844,2.23284
2017-11-16,0.94128,8.81614,2.20476
2017-11-17,0.987241,9.24661,2.3124
2017-11-18,1.04874,9.82259,2.45645
2017-11-19,1.13659,10.6454,2.66223
2017-11-20,1.17463,11.0017,2.75133
2017-11-21,1.22403,11.4644,2.86703
2017-11-22,1.21964,11.4233,2.85675
2017-11-23,1.22471,11.4708,2.86863
2017-11-24,1.20459,11.2824,2.82152
2017-11-25,1.22436,11.4675,2.8678
2017-11-26,1.21412,11.3716,2.84383
2017-11-27,1.20626,11.2979,2.8254
2017-11-28,1.18542,11.1028,2.77661
2017-11-29,1.21002,11.3332,2.83422
2017-11-30,1.21865,11.414,2.85442
2017-12-01,1.25331,11.7387,2.93563
2017-12-02,1.25873,11.7894,2.9381
2017-12-03,1.28362,12.0225,2.98527
2017-12-04,1.29509,12.1299,3.00068
2017-12-05,1.31889,12.3529,3.04516
2017-12-06,1.3453,12.6003,3.09454
2017-12-07,1.35839,12.7229,3.11386
2017-12-08,1.35975,12.7355,3.10536
2017-12-09,1.40741,13.1819,3.21421
2017-12-10,1.42654,13.3612,3.2579
2017-12-11,1.44921,13.5735,3.30966
2017-12-12,1.45547,13.6321,3.32397
2017-12-13,1.47953,13.8574,3.37892
2017-12-14,1.52166,14.252,3.47513
2017-12-15,1.53773,14.4026,3.51183
2017-12-16,1.53391,14.3667,3.5031
2017-12-17,1.56018,14.6128,3.5631
2017-12-18,1.5939,14.9286,3.64011
2017-12-19,1.60517,15.0342,3.66585
2017-12-20,1.57163,14.7202,3.58927
2017-12-21,1.53391,14.3668,3.50311
2017-12-22,1.55112,14.528,3.54241
2017-12-23,1.54124,14.4354,3.51984
2017-12-24,1.53354,14.3633,3.50227
2017-12-25,1.48448,13.9038,3.39023
2017-12-26,1.48698,13.9272,3.39594
2017-12-27,1.517,14.2083,3.46448
2017-12-28,1.54251,14.4472,3.52273
2017-12-29,1.55698,14.5829,3.5558
2017-12-30,1.56899,14.6953,3.58321
2017-12-31,1.58549,14.8499,3.62089
2018-01-01,1.62285,15.1998,3.70624
2018-01-02,1.67428,15.6815,3.77721
2018-01-03,1.68308,15.7638,3.75461
2018-01-04,1.7188,16.0985,3.79056
2018-01-05,1.69246,15.8517,3.69156
2018-01-06,1.73174,16.2197,3.73562
2018-01-07,1.73718,16.2706,3.70411
2018-01-08,1.75347,16.4232,3.69622
2018-01-09,1.74207,16.3164,3.67219
2018-01-10,1.75596,16.4467,3.70148
2018-01-11,1.79458,16.8082,3.78287
2018-01-12,1.84801,17.3087,3.89552
2018-01-13,1.84407,17.2717,3.88719
2018-01-14,1.87003,17.5149,3.94191
2018-01-15,1.88028,17.6109,3.96353
2018-01-16,1.91026,17.8917,4.02674
2018-01-17,1.95075,18.271,4.11208
2018-01-18,1.96091,18.3661,4.13348
2018-01-19,1.97997,18.5446,4.17366
2018-01-20,2.04085,19.1148,4.30201
2018-01-21,2.09779,19.6481,4.42204
2018-01-22,2.12804,19.9314,4.48579
2018-01-23,2.15935,20.2247,4.55178
2018-01-24,2.17535,20.3746,4.58554
2018-01-25,2.17881,20.4069,4.59281
2018-01-26,2.20744,20.6752,4.65318
2018-01-27,2.21713,20.7658,4.67358
2018-01-28,2.21214,20.7192,4.66307
2018-01-29,2.22267,20.8178,4.68528
2018-01-30,2.25489,21.1196,4.7532
2018-01-31,2.18431,20.4586,4.60442
2018-02-01,2.20494,20.6516,4.64787
2018-02-02,2.21231,20.9045,4.67278
2018-02-03,2.19522,20.917,4.64551
2018-02-04,2.21596,21.3056,4.69914
2018-02-05,2.27117,22.0249,4.82579
2018-02-06,2.25844,22.0921,4.80845
2018-02-07,2.32061,22.8444,4.94811
2018-02-08,2.27192,22.5464,4.85353
2018-02-09,2.23414,22.1715,4.77282
2018-02-10,2.23398,21.1489,4.67002
2018-02-11,2.21197,19.8521,4.5148
2018-02-12,2.20795,18.6277,4.38735
2018-02-13,2.22806,17.6565,4.31284
2018-02-14,2.31018,17.1938,4.36005
2018-02-15,2.30941,16.2532,4.26481
2018-02-16,2.35694,15.6044,4.25392
2018-02-17,2.36911,15.6851,4.27589
2018-02-18,2.39286,15.8423,4.31876
2018-02-19,2.38423,15.7851,4.30317
2018-02-20,2.34414,15.5197,4.23082
2018-02-21,2.33939,15.4883,4.22226
2018-02-22,2.3931,15.8439,4.31919
2018-02-23,2.38763,15.8077,4.30932
2018-02-24,2.39345,15.8462,4.31982
2018-02-25,2.42991,16.0876,4.38563
2018-02-26,2.39784,15.8752,4.32775
2018-02-27,2.44441,16.1835,4.41179
2018-02-28,2.4128,15.9744,4.35477
2018-03-01,2.44811,16.2081,4.41846
2018-03-02,2.46615,16.3276,4.4723
2018-03-03,2.54512,16.8503,4.63936
2018-03-04,2.49241,16.5013,4.56435
2018-03-05,2.53678,16.7952,4.66635
2018-03-06,2.56091,16.9548,4.73313
2018-03-07,2.5979,17.1998,4.82327
2018-03-08,2.62555,17.3828,4.89729
2018-03-09,2.634,17.4387,4.91305
2018-03-10,2.57267,17.0328,4.79867
2018-03-11,2.61643,17.3224,4.88027
2018-03-12,2.65045,17.5476,4.94375
2018-03-13,2.65538,17.5803,4.95294
2018-03-14,2.62332,17.3681,4.89315
2018-03-15,2.57809,17.0686,4.80878
2018-03-16,2.60273,17.2317,4.85475
2018-03-17,2.62492,17.3787,4.89612
2018-03-18,2.63006,17.4127,4.90572
2018-03-19,2.63523,17.447,4.91536
2018-03-20,2.5752,17.0495,4.80339
2018-03-21,2.61449,17.3096,4.87666
2018-03-22,2.62955,17.4094,4.90477
2018-03-23,2.59002,17.1476,4.83103
2018-03-24,2.62735,17.3947,4.90064
2018-03-25,2.59351,17.1707,4.83753
2018-03-26,2.58055,17.0849,4.81337
2018-03-27,2.64532,17.5137,4.93419
2018-03-28,2.60041,17.2164,4.85043
2018-03-29,2.62372,17.3707,4.8939
2018-03-30,2.69884,16.5767,4.95384
2018-03-31,2.62545,15.0712,4.75364
2018-04-01,2.69938,14.2575,4.81062
2018-04-02,2.72057,13.1372,4.75274
2018-04-03,2.75407,12.0438,4.71355
2018-04-04,2.79045,11.0973,4.68967
2018-04-05,2.80646,9.94322,4.62215
2018-04-06,2.74844,9.73764,4.5081
2018-04-07,2.88951,10.2375,4.72219
2018-04-08,2.88874,10.2347,4.70114
2018-04-09,2.86418,10.1477,4.66116
2018-04-10,2.86679,10.157,4.66544
2018-04-11,2.90256,10.2837,4.72362
2018-04-12,2.89732,10.2651,4.71509
2018-04-13,2.96811,10.5159,4.8303
2018-04-14,2.88481,10.2208,4.69474
2018-04-15,2.93,10.3809,4.76828
2018-04-16,2.94882,10.4476,4.79891
2018-04-17,2.98229,10.5662,4.85338
2018-04-18,3.01887,10.6958,4.91291
2018-04-19,3.12537,11.0731,5.08622
2018-04-20,3.08454,10.9284,5.01979
2018-04-21,3.15074,11.163,5.12752
2018-04-22,3.14215,11.1325,5.11353
2018-04-23,3.17546,11.2506,5.16776
2018-04-24,3.16687,11.2201,5.15377
2018-04-25,3.06093,10.8448,4.98136
2018-04-26,2.95401,10.466,4.80736
2018-04-27,2.98003,10.5582,4.84972
2018-04-28,2.90875,10.3056,4.73369
2018-04-29,2.92357,10.3581,4.75783
2018-04-30,2.95041,10.4532,4.80151
2018-05-01,2.96907,10.5193,4.83187
2018-05-02,2.85711,10.7557,4.89137
2018-05-03,2.71357,10.9299,4.91847
2018-05-04,2.53308,10.9144,4.863
2018-05-05,2.42571,11.2611,4.96587
2018-05-06,2.18801,11.0382,4.8155
2018-05-07,1.98167,10.9851,4.73857
2018-05-08,1.74684,10.7799,4.59572
2018-05-09,1.78123,10.9921,4.68619
2018-05-10,1.78639,11.0239,4.69977
2018-05-11,1.77345,10.9441,4.66571
2018-05-12,1.7889,11.0395,4.7064
2018-05-13,1.81552,11.2037,4.77641
2018-05-14,1.79086,11.0516,4.71154
2018-05-15,1.81048,11.1727,4.76318
2018-05-16,1.85245,11.4316,4.87357
2018-05-17,1.82092,11.237,4.79062
2018-05-18,1.85812,11.4667,4.88852
2018-05-19,1.83866,11.3465,4.83731
2018-05-20,1.83099,11.2991,4.8171
2018-05-21,1.87521,11.5721,4.93346
2018-05-22,1.88405,11.6267,4.95672
2018-05-23,1.85337,11.4373,4.876
2018-05-24,1.87777,11.5878,4.94018
2018-05-25,1.93953,11.969,5.10268
2018-05-26,1.96431,12.1219,5.16785
2018-05-27,2.01107,12.4105,5.2909
2018-05-28,2.02016,12.4666,5.31481
2018-05-29,2.00796,12.3913,5.28269
2018-05-30,2.04126,12.5968,5.37032
2018-05-31,2.09587,12.9338,5.51398
2018-06-01,2.07681,12.8162,5.46386
2018-06-02,2.05845,12.7029,5.41554
2018-06-03,2.05662,12.6915,5.41071
2018-06-04,2.10551,12.9933,5.53933
2018-06-05,2.18103,13.4594,5.73806
2018-06-06,2.17047,13.3941,5.71026
2018-06-07,2.15954,13.3266,5.68149
2018-06-08,2.16016,13.3305,5.68312
2018-06-09,2.18153,13.4624,5.73936
2018-06-10,2.14978,13.2665,5.65581
2018-06-11,2.10869,13.0129,5.54771
2018-06-12,2.08266,12.8523,5.47924
2018-06-13,2.07425,12.8004,5.4571
2018-06-14,2.09529,12.9302,5.51244
2018-06-15,2.11142,13.0297,5.55489
2018-06-16,2.15979,13.3283,5.68214
2018-06-17,2.22288,13.7175,5.84813
2018-06-18,2.27261,14.0245,5.97895
2018-06-19,2.29945,14.1901,6.04957
2018-06-20,2.3337,14.4015,6.13969
2018-06-21,2.37855,14.6783,6.25769
2018-06-22,2.38314,14.7066,6.26975
2018-06-23,2.37983,14.6861,6.26107
2018-06-24,2.4184,14.9241,6.36254
2018-06-25,2.41283,14.8898,6.34788
2018-06-26,2.3966,14.7896,6.30518
2018-06-27,2.32243,14.3319,6.11004
2018-06-28,2.29437,14.0424,6.00204
2018-06-29,2.29437,13.9305,5.96916
2018-06-30,2.25262,13.5685,5.82866
2018-07-01,2.20084,13.14,5.66043
2018-07-02,2.17264,12.8594,5.53782
2018-07-03,2.12132,12.4521,5.36164
2018-07-04,2.16565,12.6208,5.43065
2018-07-05,2.13916,12.4665,5.34645
2018-07-06,2.17731,12.6888,5.42292
2018-07-07,2.22862,12.9877,5.53315
2018-07-08,2.27154,13.2379,5.62192
2018-07-09,2.27023,13.2302,5.61865
2018-07-10,2.34537,13.6682,5.80462
2018-07-11,2.34764,13.6814,5.81025
2018-07-12,2.35597,13.73,5.83088
2018-07-13,2.31727,13.5044,5.7351
2018-07-14,2.26492,13.1898,5.5784
2018-07-15,2.20802,12.2329,5.38184
2018-07-16,2.17088,11.4528,5.23971
2018-07-17,2.18218,11.5186,5.26767
2018-07-18,2.25727,11.9562,5.45351
2018-07-19,2.31135,12.2718,5.58741
2018-07-20,2.32429,12.3472,5.61944
2018-07-21,2.32264,12.3471,5.64246
2018-07-22,2.41903,13.6711,5.97412
2018-07-23,2.51062,14.8936,6.28512
2018-07-24,2.50877,15.0026,6.3132
2018-07-25,2.51537,15.1743,6.36586
2018-07-26,2.50219,15.222,6.36717
2018-07-27,2.5299,15.509,6.46996
2018-07-28,2.54745,15.7206,6.54319
2018-07-29,2.55281,15.7536,6.55691
2018-07-30,2.52552,15.5853,6.48685
2018-07-31,2.54718,15.7189,6.5425
2018-08-01,2.53693,15.6557,6.51616
2018-08-02,2.55972,15.7963,6.5455
2018-08-03,2.61171,16.1171,6.64732
2018-08-04,2.73713,16.891,6.93585
2018-08-05,2.73487,16.877,6.89955
2018-08-06,2.72732,16.8305,6.85515
2018-08-07,2.73739,16.8926,6.85219
2018-08-08,2.75411,16.9958,6.86526
2018-08-09,2.74405,16.8049,6.80808
2018-08-10,2.76921,16.8081,6.83294
2018-08-11,2.77201,15.7498,6.7272
2018-08-12,2.78827,14.8412,6.66199
2018-08-13,2.86306,14.3273,6.74623
2018-08-14,2.85063,13.3656,6.62249
2018-08-15,2.89063,12.5648,6.61243
2018-08-16,2.94171,11.9825,6.66428
2018-08-17,2.90962,10.9476,6.51851
2018-08-18,2.89543,10.8943,6.48674
2018-08-19,2.86749,10.7891,6.42414
2018-08-20,2.86749,10.7891,6.42414
2018-08-21,2.89989,10.911,6.49673
2018-08-22,2.89624,10.8973,6.48855
2018-08-23,2.87194,10.8059,6.43412
2018-08-24,2.8636,10.7745,6.41543
2018-08-25,2.81448,10.5897,6.30538
2018-08-26,2.91472,10.9668,6.52994
2018-08-27,3.03557,11.4215,6.80067
2018-08-28,3.06988,11.5506,6.87757
2018-08-29,3.03307,11.4121,6.79509
2018-08-30,3.06853,11.5455,6.87452
2018-08-31,3.10606,11.6868,6.95861
2018-09-01,3.15149,11.8577,7.06039
2018-09-02,3.06915,11.5479,6.84324
2018-09-03,2.95179,11.1063,6.54764
2018-09-04,2.87516,10.818,6.34738
2018-09-05,2.85528,10.7432,6.27292
2018-09-06,2.84301,10.697,6.21144
2018-09-07,2.85075,10.7262,6.19301
2018-09-08,2.86639,10.785,6.19254
2018-09-09,2.93941,11.0598,6.35031
2018-09-10,2.9305,11.0262,6.33105
2018-09-11,2.99042,11.2516,6.46047
2018-09-12,3.1122,11.7098,6.72357
2018-09-13,3.12473,11.757,6.75066
2018-09-14,3.06802,11.5437,6.62815
2018-09-15,3.03746,11.4286,6.5621
2018-09-16,2.96647,11.1615,6.40876
2018-09-17,2.96647,11.1615,6.40876
2018-09-18,2.96846,11.169,6.41306
2018-09-19,2.93298,11.0356,6.33641
2018-09-20,2.9518,11.1063,6.37704
2018-09-21,2.99439,11.2666,6.46906
2018-09-22,3.04743,11.4662,6.58366
2018-09-23,3.08837,11.6202,6.6721
2018-09-24,3.13409,11.7922,6.77088
2018-09-25,3.22337,12.1281,6.96374
2018-09-26,3.18094,11.9685,6.87209
2018-09-27,3.15438,11.8686,6.8147
2018-09-28,3.18447,11.9818,6.87973
2018-09-29,3.17544,11.9478,6.86022
2018-09-30,3.21353,12.0911,6.9425
2018-10-01,3.24362,12.2043,7.0075
2018-10-02,3.08757,11.8421,6.75528
2018-10-03,3.04139,11.9061,6.74531
2018-10-04,3.009,12.038,6.77114
2018-10-05,2.89425,11.8285,6.60717
2018-10-06,2.7712,11.579,6.42193
2018-10-07,2.66159,11.4093,6.27678
2018-10-08,2.54825,11.2136,6.11907
2018-10-09,2.54438,11.1966,6.10978
2018-10-10,2.55664,11.2505,6.13919
2018-10-11,2.58509,11.3757,6.20752
2018-10-12,2.59045,11.3993,6.22038
2018-10-13,2.63245,11.5842,6.32125
2018-10-14,2.55747,11.2542,6.14121
2018-10-15,2.62977,11.5724,6.31483
2018-10-16,2.64232,11.6276,6.34493
2018-10-17,2.62625,11.5569,6.30635
2018-10-18,2.56817,11.3013,6.1669
2018-10-19,2.58106,11.3581,6.19786
2018-10-20,2.57161,11.3164,6.17516
2018-10-21,2.62236,11.5398,6.29702
2018-10-22,2.58848,11.3907,6.21568
2018-10-23,2.62344,11.5445,6.29962
2018-10-24,2.54553,11.2017,6.11252
2018-10-25,2.53132,11.1392,6.07842
2018-10-26,2.53309,11.1469,6.08265
2018-10-27,2.51505,11.0675,6.03933
2018-10-28,2.52021,11.0902,6.05171
2018-10-29,2.49619,10.9846,5.99408
2018-10-30,2.49619,10.9846,5.99408
2018-10-31,2.62501,11.5514,6.30337
2018-11-01,2.66795,11.7404,6.40649
2018-11-02,2.66803,11.7407,6.39896
2018-11-03,2.7325,12.0244,6.54508
2018-11-04,2.68791,11.8283,6.4314
2018-11-05,2.68285,11.8059,6.41144
2018-11-06,2.61599,11.5117,6.24398
2018-11-07,2.53028,11.1346,6.03118
2018-11-08,2.44541,10.7611,5.82085
2018-11-09,2.40423,10.5799,5.72281
2018-11-10,2.327,10.24,5.539
2018-11-11,2.38544,10.4972,5.67808
2018-11-12,2.37515,10.4519,5.65358
2018-11-13,2.35455,10.3613,5.60458
2018-11-14,2.36666,10.4145,5.6334
2018-11-15,2.38209,10.4825,5.67013
2018-11-16,2.37819,10.4653,5.66083
2018-11-17,2.38663,10.5024,5.68093
2018-11-18,2.30332,10.1359,5.48265
2018-11-19,2.24337,9.87202,5.33993
2018-11-20,2.24914,9.8974,5.35365
2018-11-21,2.15133,9.46702,5.12085
2018-11-22,2.11529,9.30842,5.03507
2018-11-23,2.0903,9.17745,4.96488
2018-11-24,2.08554,9.07434,4.92901
2018-11-25,2.09439,8.9568,4.91796
2018-11-26,2.05869,8.66293,4.80492
2018-11-27,2.05631,8.49102,4.76613
2018-11-28,2.08658,8.45963,4.8
2018-11-29,2.04613,8.08185,4.66227
2018-11-30,1.98903,7.65936,4.49718
2018-12-01,1.94382,7.30659,4.36513
2018-12-02,1.91227,7.06642,4.26569
2018-12-03,1.89889,6.90562,4.20964
2018-12-04,1.86587,6.65641,4.10606
2018-12-05,1.84762,6.49099,4.0461
2018-12-06,1.86977,6.52932,4.0836
2018-12-07,1.85966,6.45786,4.05142
2018-12-08,1.82109,6.27996,3.95511
2018-12-09,1.80832,6.23591,3.92737
2018-12-10,1.80741,6.23277,3.92538
2018-12-11,1.78119,6.14233,3.86844
2018-12-12,1.76101,6.07277,3.82462
2018-12-13,1.75238,6.04299,3.80587
2018-12-14,1.81692,6.26552,3.94602
2018-12-15,1.86127,6.38264,4.0353
2018-12-16,1.83446,6.26256,3.97161
2018-12-17,1.90705,6.47433,4.12164
2018-12-18,1.91097,6.45733,4.12414
2018-12-19,1.9407,6.52746,4.18232
2018-12-20,1.92213,6.46345,4.14199
2018-12-21,1.88305,6.3287,4.05712
2018-12-22,1.90172,6.47751,4.11292
2018-12-23,1.9901,6.85878,4.31854
2018-12-24,1.94469,6.78286,4.23463
2018-12-25,1.978,6.9723,4.3204
2018-12-26,1.99256,7.15936,4.37403
2018-12-27,2.0636,7.54195,4.55475
2018-12-28,2.1121,7.84112,4.68545
2018-12-29,2.04472,7.6694,4.55194
2018-12-30,2.04472,7.75976,4.57047
2018-12-31,2.05829,7.8905,4.61707
2019-01-01,2.0673,8.08954,4.664
2019-01-02,2.08394,8.17394,4.70292
2019-01-03,2.07698,8.1469,4.68014
2019-01-04,2.07143,8.12531,4.66078
2019-01-05,2.14666,8.41745,4.82302
2019-01-06,2.10802,8.26741,4.72944
2019-01-07,2.09952,8.23441,4.70383
2019-01-08,2.13955,8.3074,4.7765
2019-01-09,2.16487,8.4057,4.83302
2019-01-10,2.16687,8.41347,4.83749
2019-01-11,2.16487,8.4057,4.83302
2019-01-12,2.11417,8.18975,4.71188
2019-01-13,2.10617,8.08142,4.67824
2019-01-14,2.13559,8.10781,4.72599
2019-01-15,2.07338,7.78842,4.57124
2019-01-16,2.02396,7.51799,4.44487
2019-01-17,1.97797,7.26443,4.32688
2019-01-18,1.97038,7.15362,4.29333
2019-01-19,1.97294,7.10414,4.29099
2019-01-20,2.02774,7.25139,4.40177
2019-01-21,2.03049,7.21348,4.39972
2019-01-22,2.02565,7.15465,4.38224
2019-01-23,2.05286,7.20606,4.43359
2019-01-24,2.1261,7.41815,4.58421
2019-01-25,2.12542,7.33734,4.56857
2019-01-26,2.16098,7.38014,4.6305
2019-01-27,2.11915,7.20165,4.53383
2019-01-28,2.10544,7.11856,4.49731
2019-01-29,2.1353,7.18553,4.5544
2019-01-30,2.11104,7.06831,4.49563
2019-01-31,2.09192,6.96421,4.447
2019-02-01,2.12983,7.09045,4.52761
2019-02-02,2.11374,7.03688,4.4934
2019-02-03,2.11176,7.03027,4.48919
2019-02-04,2.11487,7.04066,4.49582
2019-02-05,2.11695,6.97989,4.4865
2019-02-06,2.17407,7.09465,4.59267
2019-02-07,2.2133,7.14519,4.65983
2019-02-08,2.22363,7.10457,4.66659
2019-02-09,2.2353,7.07454,4.67744
2019-02-10,2.24381,7.03749,4.68228
2019-02-11,2.25239,6.99653,4.68642
2019-02-12,2.22368,6.96868,4.63912
2019-02-13,2.21438,7.01316,4.63464
2019-02-14,2.15865,6.90759,4.53236
2019-02-15,2.09481,6.77012,4.41187
2019-02-16,2.10795,6.81092,4.43921
2019-02-17,2.15669,7.03849,4.55605
2019-02-18,2.17749,7.17725,4.61436
2019-02-19,2.23768,7.37762,4.7423
2019-02-20,2.18823,7.21304,4.63721
2019-02-21,2.14026,7.05334,4.53522
2019-02-22,2.21548,7.34527,4.7033
2019-02-23,2.20043,7.40369,4.69311
2019-02-24,2.15262,7.27961,4.59837
2019-02-25,2.12735,7.23225,4.55193
2019-02-26,2.13869,7.31132,4.58417
2019-02-27,2.16215,7.42554,4.64115
2019-02-28,2.22926,7.6875,4.79143
2019-03-01,2.22985,7.68954,4.79271
2019-03-02,2.20601,7.60732,4.73631
2019-03-03,2.22572,7.67529,4.773
2019-03-04,2.21282,7.6308,4.73993
2019-03-05,2.18632,7.53942,4.67718
2019-03-06,2.15838,7.44304,4.61212
2019-03-07,2.14117,7.38373,4.56963
2019-03-08,2.10678,7.26512,4.49001
2019-03-09,2.11899,7.30725,4.51605
2019-03-10,2.09747,7.23301,4.47017
2019-03-11,2.10807,7.26956,4.49275
2019-03-12,2.09435,7.22227,4.46353
2019-03-13,2.10925,7.27364,4.49529
2019-03-14,2.13702,7.3694,4.55446
2019-03-15,2.15121,7.41834,4.5847
2019-03-16,2.20474,7.60291,4.69878
2019-03-17,2.22609,7.67657,4.7443
2019-03-18,2.26616,7.86734,4.83846
2019-03-19,2.33268,8.15364,4.98973
2019-03-20,2.38847,8.39869,5.11742
2019-03-21,2.36196,8.35395,5.06872
2019-03-22,2.37912,8.46575,5.11408
2019-03-23,2.34051,8.37998,5.0397
2019-03-24,2.36479,8.51513,5.10003
2019-03-25,2.35315,8.4732,5.07491
2019-03-26,2.28206,8.21723,4.9216
2019-03-27,2.27194,8.18079,4.89977
2019-03-28,2.29438,8.2616,4.94817
2019-03-29,2.28048,8.21156,4.9182
2019-03-30,2.28214,8.21749,4.92175
2019-03-31,2.25735,8.12826,4.86831
2019-04-01,2.23031,8.03091,4.81
2019-04-02,2.23819,8.21488,4.88811
2019-04-03,2.18334,8.15812,4.8251
2019-04-04,2.13129,8.10945,4.76735
2019-04-05,2.1119,8.27173,4.79694
2019-04-06,2.07368,8.36014,4.78622
2019-04-07,2.03999,8.46852,4.78643
2019-04-08,2.02627,8.6598,4.83319
2019-04-09,1.97744,8.62576,4.74451
2019-04-10,1.98992,8.86338,4.8033
2019-04-11,2.02353,9.2592,4.92547
2019-04-12,2.01036,9.40177,4.93735
2019-04-13,2.00299,9.52682,4.94971
2019-04-14,1.96477,9.4999,4.8845
2019-04-15,1.95883,9.64288,4.90253
2019-04-16,1.98455,9.84363,4.98761
2019-04-17,1.96477,9.82493,4.95996
2019-04-18,1.94832,9.76742,4.93021
2019-04-19,1.95029,9.77733,4.93522
2019-04-20,1.94238,9.73767,4.9152
2019-04-21,2.01902,10.1219,5.10915
2019-04-22,1.99562,10.0045,5.0499
2019-04-23,1.93684,9.70988,4.90116
2019-04-24,1.98362,9.94441,5.01955
2019-04-25,1.97,9.8761,4.98507
2019-04-26,1.96615,9.85682,4.97534
2019-04-27,1.97568,9.90465,4.99948
2019-04-28,1.97748,9.91363,5.00401
2019-04-29,2.03443,10.1991,5.14811
2019-04-30,2.0809,10.4321,5.26571
2019-05-01,2.0966,10.5108,5.30545
2019-05-02,2.17709,10.9143,5.49404
2019-05-03,2.17836,10.9207,5.48482
2019-05-04,2.17728,10.9153,5.47092
2019-05-05,2.12447,10.6505,5.32614
2019-05-06,2.11653,10.6107,5.29303
2019-05-07,2.10472,10.5515,5.25218
2019-05-08,2.08383,10.4468,5.1862
2019-05-09,2.03266,10.1902,5.05883
2019-05-10,1.99317,9.99231,4.96058
2019-05-11,1.99454,9.99913,4.96396
2019-05-12,2.05389,10.2966,5.11166
2019-05-13,2.08698,10.4626,5.19402
2019-05-14,2.13868,10.7218,5.32272
2019-05-15,2.1318,10.6873,5.30558
2019-05-16,2.12353,10.6458,5.285
2019-05-17,2.17729,10.9153,5.4188
2019-05-18,2.22422,11.1506,5.53561
2019-05-19,2.23469,11.2031,5.56164
2019-05-20,2.22241,11.1415,5.53108
2019-05-21,2.22389,11.1489,5.53476
2019-05-22,2.26121,11.336,5.62764
2019-05-23,2.28612,12.3596,5.74069
2019-05-24,2.28965,13.2471,5.79886
2019-05-25,2.26283,13.9086,5.7773
2019-05-26,2.26696,14.8675,5.84087
2019-05-27,2.27864,15.8743,5.92378
2019-05-28,2.30135,17.0754,6.0609
2019-05-29,2.31508,18.2956,6.18039
2019-05-30,2.32246,18.5057,6.22714
2019-05-31,2.27533,18.2626,6.12438
2019-06-01,2.33243,18.8645,6.30365
2019-06-02,2.29269,18.6937,6.2178
2019-06-03,2.22126,18.2641,6.04634
2019-06-04,2.23642,18.3887,6.08147
2019-06-05,2.24401,18.283,6.06614
2019-06-06,2.27105,18.3405,6.10452
2019-06-07,2.36521,18.9486,6.32566
2019-06-08,2.30248,18.3027,6.12675
2019-06-09,2.3392,18.4504,6.19908
2019-06-10,2.42643,18.011,6.35085
2019-06-11,2.40042,16.7446,6.20347
2019-06-12,2.33387,15.4007,5.9822
2019-06-13,2.32011,14.3402,5.89259
2019-06-14,2.34202,13.4519,5.89092
2019-06-15,2.39024,12.9108,5.96637
2019-06-16,2.34923,11.7773,5.81291
2019-06-17,2.29138,11.4873,5.66979
2019-06-18,2.33474,11.7046,5.77705
2019-06-19,2.4375,12.2198,6.03132
2019-06-20,2.41845,12.1243,5.98421
2019-06-21,2.33644,12.5466,5.82797
2019-06-22,2.32505,13.373,5.84928
2019-06-23,2.44043,15.0846,6.19824
2019-06-24,2.5406,16.88,6.54062
2019-06-25,2.50189,17.7525,6.52285
2019-06-26,2.47379,18.8151,6.5413
2019-06-27,2.49005,20.0005,6.66224
2019-06-28,2.58382,20.91,6.94061
2019-06-29,2.68697,21.9048,7.24585
2019-06-30,2.6455,21.7523,7.16666
2019-07-01,2.59039,21.2993,7.0174
2019-07-02,2.64317,21.7331,7.14259
2019-07-03,2.68682,22.0921,7.24152
2019-07-04,2.74894,22.6029,7.39105
2019-07-05,2.81226,23.1234,7.54133
2019-07-06,2.82199,23.2034,7.5477
2019-07-07,2.82354,23.2162,7.53474
2019-07-08,2.90873,23.9168,7.74554
2019-07-09,2.93064,24.0968,7.80387
2019-07-10,2.87068,23.6038,7.64422
2019-07-11,2.8229,23.2109,7.51698
2019-07-12,2.81798,23.1705,7.50389
2019-07-13,2.7768,22.8319,7.39422
2019-07-14,2.80755,23.0847,7.4761
2019-07-15,2.77938,22.8531,7.4011
2019-07-16,2.82237,23.2067,7.51559
2019-07-17,2.83349,23.298,7.54518
2019-07-18,2.81127,23.1153,7.48599
2019-07-19,2.68264,22.0576,7.14348
2019-07-20,2.78261,22.6548,7.37166
2019-07-21,2.79372,22.5569,7.36923
2019-07-22,2.82615,22.6229,7.42169
2019-07-23,2.77197,20.9081,7.18828
2019-07-24,2.78649,19.796,7.14044
2019-07-25,2.86377,19.1039,7.25307
2019-07-26,2.99443,18.708,7.49775
2019-07-27,2.92271,16.9967,7.25022
2019-07-28,2.99123,16.2021,7.35604
2019-07-29,3.01638,15.1219,7.35249
2019-07-30,3.01285,15.1042,7.34389
2019-07-31,3.10016,15.542,7.55671
2019-08-01,3.0781,15.4313,7.50293
2019-08-02,3.08541,15.4679,7.50894
2019-08-03,3.14331,15.7582,7.638
2019-08-04,3.12125,15.6476,7.57257
2019-08-05,3.09117,15.4968,7.48827
2019-08-06,3.19137,15.9992,7.72007
2019-08-07,3.18721,15.9783,7.69811
2019-08-08,3.22838,16.1847,7.78752
2019-08-09,3.21142,16.0997,7.74661
2019-08-10,3.19565,16.0207,7.70856
2019-08-11,3.20151,16.05,7.72268
2019-08-12,3.17367,15.9104,7.65552
2019-08-13,3.16146,15.8493,7.62608
2019-08-14,3.15741,15.8289,7.61631
2019-08-15,3.20317,16.0583,7.72669
2019-08-16,3.20317,16.0583,7.72669
2019-08-17,3.13202,15.7016,7.55507
2019-08-18,3.05118,15.2964,7.36009
2019-08-19,3.15254,15.8045,7.60458
2019-08-20,3.14861,15.7849,7.59509
2019-08-21,3.10805,15.5815,7.49727
2019-08-22,3.0678,15.3798,7.40019
2019-08-23,3.09438,15.513,7.46429
2019-08-24,3.20159,16.0504,7.72289
2019-08-25,3.29784,16.5329,7.95506
2019-08-26,3.21601,16.1228,7.75768
2019-08-27,3.16009,15.8423,7.62277
2019-08-28,3.20669,16.076,7.7352
2019-08-29,3.28024,16.4447,7.9126
2019-08-30,3.30198,16.5537,7.96506
2019-08-31,3.32062,16.6471,8.01001
2019-09-01,3.30511,16.5694,7.9726
2019-09-02,3.36911,16.8903,8.09148
2019-09-03,3.48859,17.4892,8.34061
2019-09-04,3.46533,17.3726,8.25211
2019-09-05,3.49494,17.521,8.28419
2019-09-06,3.51707,17.632,8.29994
2019-09-07,3.49322,17.5125,8.20674
2019-09-08,3.6077,18.0864,8.44073
2019-09-09,3.59785,18.0369,8.41768
2019-09-10,3.6558,18.3275,8.55326
2019-09-11,3.81332,19.1171,8.9218
2019-09-12,3.78916,18.996,8.86528
2019-09-13,3.77313,18.9157,8.82779
2019-09-14,3.84234,19.2627,8.98971
2019-09-15,3.79281,19.0143,8.87383
2019-09-16,3.90408,19.5721,9.13415
2019-09-17,3.82739,19.1878,8.95473
2019-09-18,3.85255,19.3139,9.01359
2019-09-19,3.87008,19.4017,9.0546
2019-09-20,3.91438,19.6238,9.15824
2019-09-21,3.95278,19.8164,9.24811
2019-09-22,4.02125,20.1595,9.40828
2019-09-23,3.84469,19.2744,8.99519
2019-09-24,3.8759,19.4309,9.06821
2019-09-25,3.81106,19.1059,8.91652
2019-09-26,3.90181,19.5608,9.12884
2019-09-27,3.86692,19.3858,9.0472
2019-09-28,3.88356,19.4693,9.08615
2019-09-29,3.81134,19.065,8.89998
2019-09-30,3.90195,19.3812,9.07921
2019-10-01,3.88919,19.1653,9.0133
2019-10-02,3.89933,18.879,8.98207
2019-10-03,3.84252,18.2596,8.79461
2019-10-04,3.90045,18.2151,8.87557
2019-10-05,3.89659,17.7877,8.79111
2019-10-06,3.94556,17.5519,8.83623
2019-10-07,4.04208,17.6286,9.00457
2019-10-08,4.11543,17.5782,9.11793
2019-10-09,4.07555,17.2309,8.99941
2019-10-10,4.13945,17.3108,9.10829
2019-10-11,4.18589,17.3191,9.17896
2019-10-12,4.09812,16.8112,8.97027
2019-10-13,4.08178,16.7441,8.93448
2019-10-14,4.01474,16.4692,8.78776
2019-10-15,3.99025,16.3687,8.73416
2019-10-16,4.02027,16.3943,8.78606
2019-10-17,3.92325,15.8967,8.5596
2019-10-18,3.93752,15.8477,8.57563
2019-10-19,3.9724,15.8952,8.63847
2019-10-20,3.98791,15.8607,8.6585
2019-10-21,4.07964,16.1302,8.8442
2019-10-22,4.14163,16.2709,8.96381
2019-10-23,4.24256,16.6674,9.18224
2019-10-24,4.20245,16.5098,9.09545
2019-10-25,4.14533,16.2854,8.97181
2019-10-26,4.16607,16.3669,9.01669
2019-10-27,4.06814,15.9821,8.80475
2019-10-28,3.9986,15.709,8.65424
2019-10-29,3.88626,15.2676,8.41112
2019-10-30,3.77781,14.8415,8.17638
2019-10-31,3.77256,14.821,8.16502
2019-11-01,3.73996,14.7848,8.10749
2019-11-02,3.71552,14.7835,8.05478
2019-11-03,3.80804,15.2444,8.25522
2019-11-04,3.79989,15.3057,8.23779
2019-11-05,3.84469,15.5835,8.33496
2019-11-06,3.83535,15.64,8.31495
2019-11-07,3.84525,15.9066,8.3512
2019-11-08,3.80014,15.8388,8.25368
2019-11-09,3.79925,15.9673,8.26632
2019-11-10,3.8641,16.3854,8.42346
2019-11-11,3.89782,16.6621,8.51173
2019-11-12,3.8222,16.4757,8.36168
2019-11-13,3.79425,16.4846,8.31479
2019-11-14,3.8861,16.8836,8.51609
2019-11-15,3.99952,17.3763,8.76463
2019-11-16,4.01339,17.4366,8.79503
2019-11-17,4.00849,17.4153,8.7843
2019-11-18,3.9665,17.2329,8.69228
2019-11-19,4.01106,17.2905,8.77493
2019-11-20,4.03779,17.2752,8.81898
2019-11-21,3.91915,16.6321,8.54495
2019-11-22,3.82877,16.1151,8.33316
2019-11-23,3.93728,16.4233,8.55297
2019-11-24,3.85948,15.8733,8.35653
2019-11-25,3.81056,15.4587,8.22459
2019-11-26,3.72447,15.0232,8.02677
2019-11-27,3.72359,14.8522,7.99963
2019-11-28,3.83044,15.0945,8.20139
2019-11-29,3.846,14.9947,8.21039
2019-11-30,3.66323,13.9689,7.77075
2019-12-01,3.69319,13.876,7.79946
2019-12-02,3.77093,13.9617,7.90709
2019-12-03,3.91088,14.2721,8.14259
2019-12-04,4.01974,14.5202,8.32001
2019-12-05,3.94765,14.1041,8.12134
2019-12-06,3.97844,14.0789,8.14077
2019-12-07,4.08666,14.4619,8.3422
2019-12-08,4.1161,14.566,8.3812
2019-12-09,4.12348,14.5921,8.39623
2019-12-10,4.08035,14.4395,8.30842
2019-12-11,3.93934,13.9405,8.02131
2019-12-12,3.88979,13.7652,7.92041
2019-12-13,3.91678,13.8607,7.97535
2019-12-14,3.90015,13.8018,7.94149
2019-12-15,3.80766,13.4745,7.75316
2019-12-16,3.84234,13.5973,7.82379
2019-12-17,3.82463,13.5345,7.78773
2019-12-18,3.83236,13.5619,7.80347
2019-12-19,3.92594,13.8931,7.99401
2019-12-20,3.94352,13.9553,8.02983
2019-12-21,4.04387,14.3103,8.23414
2019-12-22,4.2213,14.7912,8.58322
2019-12-23,4.16902,14.4818,8.46646
2019-12-24,4.10993,14.1639,8.33713
2019-12-25,4.08952,13.9804,8.28634
2019-12-26,4.12957,13.9771,8.35587
2019-12-27,4.08689,13.6998,8.25849
2019-12-28,3.98209,13.1995,8.03436
2019-12-29,3.92654,13.1501,7.93346
2019-12-30,4.01578,13.5903,8.12548
2019-12-31,4.09338,13.9735,8.2925
2020-01-01,4.27614,14.7317,8.67387
2020-01-02,4.2112,14.5164,8.54285
2020-01-03,4.34734,14.9676,8.81751
2020-01-04,4.46243,15.3491,9.04973
2020-01-05,4.53495,15.4547,9.18488
2020-01-06,4.44774,15.0212,8.99694
2020-01-07,4.6127,15.4422,9.31933
2020-01-08,4.5192,14.9798,9.11805
2020-01-09,4.58388,15.1942,9.24856
2020-01-10,4.50129,15.0583,9.09335
2020-01-11,4.48064,15.1407,9.06419
2020-01-12,4.42972,15.1115,8.97301
2020-01-13,4.46274,15.3532,9.05062
2020-01-14,4.3371,15.0715,8.80829
2020-01-15,4.41706,15.4858,8.98199
2020-01-16,4.47181,15.8248,9.10551
2020-01-17,4.53162,16.0364,9.2273
2020-01-18,4.44145,15.7174,9.04371
2020-01-19,4.48093,15.8571,9.12409
2020-01-20,4.562,16.1439,9.28915
2020-01-21,4.63692,16.4091,9.44172
2020-01-22,4.65709,16.4804,9.48278
2020-01-23,4.65709,16.4804,9.48278
2020-01-24,4.62636,16.3717,9.42022
2020-01-25,4.76535,16.8636,9.70322
2020-01-26,4.73463,16.7549,9.64067
2020-01-27,4.63371,16.3977,9.43518
2020-01-28,4.60307,16.2893,9.37279
2020-01-29,4.65338,16.4673,9.47522
2020-01-30,4.67216,16.5339,9.51347
2020-01-31,4.66511,16.5089,9.49913
2020-02-01,4.63902,16.4165,9.44597
2020-02-02,4.66829,16.52,9.50558
2020-02-03,4.78043,16.9169,9.73394
2020-02-04,4.74458,16.7901,9.66092
2020-02-05,4.73998,16.959,9.68249
2020-02-06,4.64219,16.7701,9.50958
2020-02-07,4.61926,16.8508,9.48988
2020-02-08,4.5642,16.8178,9.40481
2020-02-09,4.60865,17.2484,9.54049
2020-02-10,4.48943,17.0446,9.33376
2020-02-11,4.56534,17.5788,9.53221
2020-02-12,4.48939,17.3797,9.38878
2020-02-13,4.52026,17.5852,9.46729
2020-02-14,4.50515,17.6124,9.44961
2020-02-15,4.5223,17.7663,9.49969
2020-02-16,4.40264,17.2963,9.24833
2020-02-17,4.56418,17.9309,9.58767
2020-02-18,4.57424,18.0885,9.62491
2020-02-19,4.56829,18.1759,9.62757
2020-02-20,4.50031,18.008,9.4983
2020-02-21,4.58642,18.4674,9.69573
2020-02-22,4.6122,18.6849,9.76577
2020-02-23,4.6122,18.7965,9.78101
2020-02-24,4.53971,18.5117,9.62873
2020-02-25,4.50947,18.2749,9.5491
2020-02-26,4.48447,18.0658,9.48141
2020-02-27,4.57701,18.3303,9.6623
2020-02-28,4.59097,18.1672,9.65934
2020-02-29,4.5478,17.796,9.53893
2020-03-01,4.70318,18.1863,9.83248
2020-03-02,4.73536,18.2215,9.88525
2020-03-03,4.77509,18.1086,9.92426
2020-03-04,4.91487,18.3642,10.1694
2020-03-05,4.98548,18.3555,10.2704
2020-03-06,4.97196,18.1268,10.2127
2020-03-07,5.05309,18.2549,10.3514
2020-03-08,4.96592,17.7438,10.1401
2020-03-09,4.99773,17.6859,10.1764
2020-03-10,4.94403,17.3534,10.0552
2020-03-11,4.76319,16.5851,9.67636
2020-03-12,4.75595,16.3965,9.64811
2020-03-13,4.65957,15.8299,9.41105
2020-03-14,4.56721,15.2723,9.18124
2020-03-15,4.42846,14.4772,8.8334
2020-03-16,4.29845,13.6786,8.48703
2020-03-17,4.21174,13.1166,8.15513
2020-03-18,4.11996,12.4874,7.79634
2020-03-19,3.91038,11.4447,7.18764
2020-03-20,3.83418,10.8883,6.84534
2020-03-21,3.81395,10.3996,6.56497
2020-03-22,3.85205,10.1276,6.39728
2020-03-23,3.81873,9.69686,6.12708
2020-03-24,3.86157,9.49663,6.05026
2020-03-25,3.82232,9.22885,5.91277
2020-03-26,3.95994,9.42081,6.05673
2020-03-27,4.06121,9.58647,6.18396
2020-03-28,4.01108,9.48423,6.1156
2020-03-29,4.00942,9.54846,6.14638
2020-03-30,4.06439,9.83502,6.30528
2020-03-31,4.07218,10.0488,6.41088
2020-04-01,4.24502,10.6685,6.76931
2020-04-02,4.18698,10.8237,6.80498
2020-04-03,4.07498,10.8104,6.74915
2020-04-04,4.13783,11.2584,6.98735
2020-04-05,4.2072,11.8042,7.29912
2020-04-06,4.11182,11.7951,7.30184
2020-04-07,4.12103,12.1386,7.52299
2020-04-08,4.08363,12.3241,7.64431
2020-04-09,4.12037,12.5922,7.85641
2020-04-10,4.27564,13.1872,8.26382
2020-04-11,4.31858,13.4186,8.4467
2020-04-12,4.26665,13.3166,8.40655
2020-04-13,4.46975,13.9753,8.8144
2020-04-14,4.50699,14.0917,8.88783
2020-04-15,4.61869,14.4409,9.10811
2020-04-16,4.61869,14.4409,9.10811
2020-04-17,4.47245,13.9837,8.81971
2020-04-18,4.46702,13.9667,8.80902
2020-04-19,4.46297,13.954,8.80101
2020-04-20,4.42235,13.8271,8.72093
2020-04-21,4.38297,13.7039,8.64326
2020-04-22,4.27365,13.3343,8.41907
2020-04-23,4.27363,13.3042,8.40974
2020-04-24,4.39071,13.6397,8.63118
2020-04-25,4.34807,13.4775,8.53816
2020-04-26,4.33417,13.4052,8.50177
2020-04-27,4.30003,13.2985,8.43448
2020-04-28,4.33404,13.4047,8.50153
2020-04-29,4.39564,13.625,8.63159
2020-04-30,4.3635,13.5547,8.57752
2020-05-01,4.3503,13.6283,8.58077
2020-05-02,4.25832,13.9278,8.70306
2020-05-03,4.22906,14.4986,8.98871
2020-05-04,4.14931,14.845,9.14603
2020-05-05,4.01667,15.1405,9.23707
2020-05-06,3.90927,15.4968,9.36892
2020-05-07,3.82293,15.8883,9.52705
2020-05-08,3.67572,16.1016,9.53455
2020-05-09,3.63785,16.1762,9.47991
2020-05-10,3.65001,16.5214,9.56363
2020-05-11,3.65149,16.7989,9.6161
2020-05-12,3.60997,16.7655,9.51963
2020-05-13,3.48929,16.2308,9.20351
2020-05-14,3.37551,15.7267,8.90545
2020-05-15,3.33413,15.3151,8.75733
2020-05-16,3.29915,14.9174,8.61698
2020-05-17,3.06472,13.559,7.94392
2020-05-18,2.96475,12.7374,7.59592
2020-05-19,2.85789,11.8684,7.17026
2020-05-20,2.82069,11.4256,6.91161
2020-05-21,2.85219,11.1777,6.78941
2020-05-22,2.78096,10.5484,6.42285
2020-05-23,2.73179,9.94549,6.08074
2020-05-24,2.75604,9.66527,5.92659
2020-05-25,2.71984,9.04641,5.60317
2020-05-26,2.7252,8.64533,5.45155
2020-05-27,2.79846,8.50362,5.47223
2020-05-28,2.79846,8.18375,5.36104
2020-05-29,2.85028,8.12824,5.39867
2020-05-30,2.96967,8.30328,5.58627
2020-05-31,3.07978,8.51323,5.77532
2020-06-01,3.10892,8.59379,5.82997
2020-06-02,3.12512,8.63856,5.85476
2020-06-03,3.12788,8.64619,5.85394
2020-06-04,3.16978,8.76203,5.92632
2020-06-05,3.28435,9.07869,6.13414
2020-06-06,3.35442,9.2724,6.25787
2020-06-07,3.33576,9.22081,6.21665
2020-06-08,3.37719,9.33533,6.28802
2020-06-09,3.42944,9.47978,6.3853
2020-06-10,3.46107,9.68822,6.46632
2020-06-11,3.53782,10.0288,6.62192
2020-06-12,3.49085,10.0192,6.55644
2020-06-13,3.37929,9.82737,6.37002
2020-06-14,3.41106,10.0405,6.45208
2020-06-15,3.34061,9.94759,6.33951
2020-06-16,3.33055,10.0353,6.3419
2020-06-17,3.31427,9.97928,6.30035
2020-06-18,3.18625,9.49704,6.04929
2020-06-19,3.19028,9.38794,6.03481
2020-06-20,3.18826,9.26575,6.00974
2020-06-21,3.18186,9.1227,5.97493
2020-06-22,3.25925,9.23486,6.10043
2020-06-23,3.33222,9.32107,6.21518
2020-06-24,3.33559,9.22037,6.21058
2020-06-25,3.3963,9.31647,6.31474
2020-06-26,3.4666,9.42742,6.4353
2020-06-27,3.46998,9.36658,6.43289
2020-06-28,3.48346,9.3276,6.44856
2020-06-29,3.48967,9.25774,6.42646
2020-06-30,3.45258,9.05338,6.31431
2020-07-01,3.53012,9.15547,6.41118
2020-07-02,3.60709,9.32643,6.51895
2020-07-03,3.6037,9.28753,6.47877
2020-07-04,3.66774,9.42594,6.56413
2020-07-05,3.71098,9.50894,6.60994
2020-07-06,3.7413,9.53893,6.64917
2020-07-07,3.78847,9.62385,6.72688
2020-07-08,3.75082,9.49398,6.6544
2020-07-09,3.75082,9.45754,6.64466
2020-07-10,3.74352,9.40308,6.62208
2020-07-11,3.74015,9.39445,6.61608
2020-07-12,3.70308,9.29961,6.55005
2020-07-13,3.70527,9.30506,6.5539
2020-07-14,3.696,9.28195,6.53756
2020-07-15,3.6982,9.28744,6.54144
2020-07-16,3.64921,9.1653,6.45501
2020-07-17,3.54313,8.90087,6.26791
2020-07-18,3.49888,8.7559,6.18059
2020-07-19,3.4718,8.65464,6.12381
2020-07-20,3.47173,8.61249,6.1149
2020-07-21,3.40141,8.39998,5.98308
2020-07-22,3.42361,8.45534,6.02225
2020-07-23,3.42309,8.45405,6.02134
2020-07-24,3.58222,8.85074,6.30202
2020-07-25,3.62662,8.96144,6.38035
2020-07-26,3.72598,9.20911,6.55559
2020-07-27,3.75388,9.32061,6.61357
2020-07-28,3.81247,9.56671,6.76812
2020-07-29,3.81095,9.62708,6.80977
2020-07-30,3.7929,9.64059,6.81836
2020-07-31,3.74704,9.67547,6.79323
2020-08-01,3.71342,9.72519,6.78381
2020-08-02,3.63555,9.66857,6.69447
2020-08-03,3.66813,9.9077,6.80708
2020-08-04,3.66813,10.1172,6.83531
2020-08-05,3.59931,10.1236,6.73334
2020-08-06,3.67476,10.5972,6.91539
2020-08-07,3.67116,10.8068,6.95259
2020-08-08,3.68856,11.0855,7.03741
2020-08-09,3.74243,11.516,7.21131
2020-08-10,3.65345,11.5178,7.11082
2020-08-11,3.68851,11.7631,7.22689
2020-08-12,3.79242,12.219,7.47486
2020-08-13,3.76324,12.2133,7.45424
2020-08-14,3.82009,12.454,7.59175
2020-08-15,3.8737,12.6264,7.69723
2020-08-16,3.86199,12.5606,7.66169
2020-08-17,3.82077,12.4259,7.57964
2020-08-18,3.77021,12.2608,7.47902
2020-08-19,3.7016,12.0365,7.34245
2020-08-20,3.69743,12.0229,7.33416
2020-08-21,3.65409,11.8814,7.24791
2020-08-22,3.58188,11.6738,7.11676
2020-08-23,3.59939,11.7585,7.16385
2020-08-24,3.69916,12.0569,7.35013
2020-08-25,3.67248,11.9455,7.28634
2020-08-26,3.70481,12.0245,7.33884
2020-08-27,3.66022,11.8546,7.23932
2020-08-28,3.71027,11.9569,7.31177
2020-08-29,3.76477,12.08,7.3959
2020-08-30,3.673,11.7325,7.19207
2020-08-31,3.68297,11.703,7.18672
2020-09-01,3.77962,11.9507,7.35129
2020-09-02,3.78709,11.9157,7.34202
2020-09-03,3.78709,11.8187,7.30993
2020-09-04,3.68186,11.4095,7.08284
2020-09-05,3.66317,11.2708,7.02314
2020-09-06,3.74914,11.4501,7.15381
2020-09-07,3.83759,11.5025,7.28182
2020-09-08,3.83432,11.2962,7.23847
2020-09-09,3.84629,11.145,7.22583
2020-09-10,3.94694,11.302,7.39227
2020-09-11,3.95193,11.189,7.37994
2020-09-12,4.05263,11.3349,7.54455
2020-09-13,4.08955,11.3045,7.60096
2020-09-14,4.08976,11.3051,7.60136
2020-09-15,4.09345,11.3153,7.60822
2020-09-16,4.11498,11.3748,7.64823
2020-09-17,4.18878,11.4797,7.77405
2020-09-18,4.28842,11.6634,7.94871
2020-09-19,4.21029,11.3645,7.79396
2020-09-20,4.19303,11.2293,7.75183
2020-09-21,4.13874,10.9894,7.64061
2020-09-22,4.09314,10.7835,7.54669
2020-09-23,4.10463,10.7273,7.55795
2020-09-24,4.01074,10.4819,7.38505
2020-09-25,4.09563,10.7038,7.54137
2020-09-26,4.16212,10.8775,7.6638
2020-09-27,4.20612,10.9925,7.74483
2020-09-28,4.13978,10.8047,7.59818
2020-09-29,4.18906,10.9176,7.66218
2020-09-30,4.24656,11.0329,7.72792
2020-10-01,4.19253,10.8302,7.58807
2020-10-02,4.05703,10.4088,7.27568
2020-10-03,4.06113,10.3447,7.21342
2020-10-04,4.08466,10.328,7.1838
2020-10-05,4.12934,10.39,7.22585
2020-10-06,4.08371,10.2223,7.10854
2020-10-07,4.06203,10.126,7.03906
2020-10-08,4.21746,10.5134,7.29079
2020-10-09,4.24158,10.612,7.34196
2020-10-10,4.2076,10.566,7.29274
2020-10-11,4.13372,10.4353,7.18353
2020-10-12,4.17062,10.5843,7.26706
2020-10-13,4.31761,11.0328,7.57397
2020-10-14,4.30941,11.086,7.6072
2020-10-15,4.2643,11.0483,7.57728
2020-10-16,4.31695,11.2177,7.70813
2020-10-17,4.38281,11.4219,7.86309
2020-10-18,4.31864,11.2699,7.77319
2020-10-19,4.23818,11.0763,7.65554
2020-10-20,4.16939,10.8965,7.53128
2020-10-21,4.11081,10.7435,7.42547
2020-10-22,4.07378,10.6467,7.35857
2020-10-23,3.99425,10.5227,7.22433
2020-10-24,3.98786,10.6033,7.22372
2020-10-25,3.97512,10.645,7.20911
2020-10-26,3.91082,10.5473,7.10088
2020-10-27,3.71974,10.1113,6.76283
2020-10-28,3.59235,9.94911,6.55754
2020-10-29,3.46922,9.81168,6.3619
2020-10-30,3.38378,9.76496,6.24596
2020-10-31,3.2182,9.54838,6.00544
2020-11-01,3.25216,9.93567,6.14683
2020-11-02,3.18848,10.0347,6.10852
2020-11-03,3.29527,10.7274,6.42771
2020-11-04,3.4374,11.4408,6.80296
2020-11-05,3.5028,12.0443,7.08587
2020-11-06,3.57631,12.6797,7.428
2020-11-07,3.61691,13.1723,7.72707
2020-11-08,3.57808,13.3895,7.85661
2020-11-09,3.83347,14.7423,8.63231
2020-11-10,3.82979,15.0841,8.81977
2020-11-11,3.78704,15.3062,8.93697
2020-11-12,3.83277,15.7293,9.19533
2020-11-13,3.78291,15.6949,9.16734
2020-11-14,3.76866,15.7754,9.17268
2020-11-15,3.81083,16.0563,9.30503
2020-11-16,3.73123,15.8798,9.17196
2020-11-17,3.79379,16.2801,9.3722
2020-11-18,3.90056,16.8588,9.67336
2020-11-19,3.84216,16.7148,9.56221
2020-11-20,3.97427,17.3998,9.92524
2020-11-21,4.0988,18.0534,10.2699
2020-11-22,4.21411,18.6719,10.5932
2020-11-23,4.18361,18.5368,10.5165
2020-11-24,4.10461,18.1868,10.3179
2020-11-25,4.05237,17.9553,10.1866
2020-11-26,4.10088,18.1702,10.3086
2020-11-27,4.04803,17.936,10.1757
2020-11-28,3.99206,17.6881,10.035
2020-11-29,3.92204,17.3779,9.85899
2020-11-30,3.83199,16.9789,9.63264
2020-12-01,3.94196,17.4661,9.90906
2020-12-02,3.89576,17.2614,9.79293
2020-12-03,3.97321,17.6046,9.98761
2020-12-04,3.98353,17.6503,10.0136
2020-12-05,3.99386,17.6961,10.0395
2020-12-06,3.96651,17.5749,9.97078
2020-12-07,4.11673,18.2405,10.3484
2020-12-08,4.08424,18.0965,10.2667
2020-12-09,4.11611,18.2377,10.3468
2020-12-10,4.00651,17.7521,10.0713
2020-12-11,3.98215,17.6442,10.0101
2020-12-12,3.93284,17.4257,9.88614
2020-12-13,4.01309,17.7812,10.0879
2020-12-14,3.97784,17.6251,9.99924
2020-12-15,3.94715,17.4892,9.92212
2020-12-16,3.94804,17.493,9.92435
2020-12-17,3.93067,17.4161,9.88069
2020-12-18,3.99158,17.872,10.0483
2020-12-19,4.08018,18.4516,10.2856
2020-12-20,4.04524,18.4757,10.2117
2020-12-21,4.00965,18.6616,10.1632
2020-12-22,4.02091,19.0725,10.2345
2020-12-23,4.06439,19.7649,10.4069
2020-12-24,4.05254,20.1211,10.4287
2020-12-25,4.00053,20.3037,10.3591
2020-12-26,3.91752,20.3189,10.2078
2020-12-27,3.9056,20.8926,10.2606
2020-12-28,3.99748,21.8894,10.5752
2020-12-29,4.03078,22.5629,10.7343
2020-12-30,4.09936,23.3709,10.9776
2020-12-31,4.25434,24.8919,11.4687
2021-01-01,4.27187,25.4869,11.5744
2021-01-02,4.32494,26.2835,11.7751
2021-01-03,4.3615,27.0515,11.9638
2021-01-04,4.41267,27.891,12.1797
2021-01-05,4.43235,28.4946,12.3031
2021-01-06,4.45136,29.1559,12.4335
2021-01-07,4.45923,29.4488,12.5061
2021-01-08,4.45462,29.6334,12.5381
2021-01-09,4.43204,29.7005,12.52
2021-01-10,4.50352,30.1795,12.7219
2021-01-11,4.49349,30.1123,12.6937
2021-01-12,4.52095,30.2963,12.7712
2021-01-13,4.48714,30.0697,12.6757
2021-01-14,4.46628,29.9299,12.6168
2021-01-15,4.55964,30.5556,12.8805
2021-01-16,4.62891,31.0197,13.0762
2021-01-17,4.5149,30.2557,12.7541
2021-01-18,4.47568,29.9929,12.6433
2021-01-19,4.48004,30.0222,12.6556
2021-01-20,4.43143,29.6964,12.5183
2021-01-21,4.353,29.1708,12.2968
2021-01-22,4.292,28.762,12.1244
2021-01-23,4.33504,29.0505,12.246
2021-01-24,4.36753,29.2681,12.3378
2021-01-25,4.35214,29.165,12.2944
2021-01-26,4.41178,29.5647,12.4628
2021-01-27,4.42196,29.6329,12.4915
2021-01-28,4.49828,30.1443,12.7071
2021-01-29,4.55314,30.5119,12.8621
2021-01-30,4.46708,29.9353,12.619
2021-01-31,4.48908,30.0828,12.6812
2021-02-01,4.39666,29.4634,12.4201
2021-02-02,4.3608,29.2231,12.3079
2021-02-03,4.396,29.459,12.3966
2021-02-04,4.462,29.9013,12.5717
2021-02-05,4.53613,30.398,12.769
2021-02-06,4.65681,31.2068,13.0984
2021-02-07,4.72975,31.6955,13.293
2021-02-08,4.9391,33.0984,13.8724
2021-02-09,4.91356,32.9273,13.8008
2021-02-10,4.90122,32.8446,13.7661
2021-02-11,4.78078,32.0375,13.4277
2021-02-12,4.68033,31.3644,13.1457
2021-02-13,4.67232,31.3107,13.1232
2021-02-14,4.63539,31.0632,13.0195
2021-02-15,4.59013,30.7599,12.8924
2021-02-16,4.49053,30.0925,12.6126
2021-02-17,4.46723,32.1985,12.5938
2021-02-18,4.50344,34.7219,12.7876
2021-02-19,4.55421,37.6127,13.0331
2021-02-20,4.51267,40.2059,13.0682
2021-02-21,4.48961,42.8256,13.1501
2021-02-22,4.41177,44.9207,13.0696
2021-02-23,4.44602,47.6462,13.2977
2021-02-24,4.55077,49.2145,13.7105
2021-02-25,4.64628,50.6433,14.049
2021-02-26,4.58976,50.4461,13.9317
2021-02-27,4.6402,51.0004,14.0847
2021-02-28,4.59435,50.4965,13.9455
2021-03-01,4.5806,50.3453,13.9038
2021-03-02,4.65326,51.1439,14.1244
2021-03-03,4.62116,50.7913,14.0269
2021-03-04,4.4928,49.3804,13.6373
2021-03-05,4.53796,49.8768,13.7744
2021-03-06,4.50672,49.1123,13.6257
2021-03-07,4.56698,49.3706,13.7569
2021-03-08,4.67185,50.0945,14.0204
2021-03-09,4.64996,49.4664,13.9044
2021-03-10,4.62753,48.8076,13.7836
2021-03-11,4.63749,48.9173,13.8139
2021-03-12,4.63334,48.8718,13.8013
2021-03-13,4.59211,48.8395,13.73
2021-03-14,4.64117,49.7828,13.9305
2021-03-15,4.6095,49.8637,13.8893
2021-03-16,4.65022,50.6984,14.0624
2021-03-17,4.59073,50.4567,13.9346
2021-03-18,4.68118,51.4509,14.2091
2021-03-19,4.67495,51.3824,14.1902
2021-03-20,4.73754,52.0703,14.3802
2021-03-21,4.74675,52.1714,14.4081
2021-03-22,4.7736,52.4666,14.4897
2021-03-23,4.8413,53.2108,14.6951
2021-03-24,4.92701,54.1529,14.9553
2021-03-25,4.9496,54.4011,15.0238
2021-03-26,4.90376,53.8972,14.8848
2021-03-27,4.9268,54.1505,14.9547
2021-03-28,4.94063,54.3024,14.9966
2021-03-29,4.93989,54.2942,14.9944
2021-03-30,4.87076,53.5346,14.7845
2021-03-31,4.8938,53.7878,14.8545
2021-04-01,4.8516,53.324,14.7264
2021-04-02,4.90675,53.9301,14.8938
2021-04-03,4.81285,52.898,14.6088
2021-04-04,4.79137,52.6619,14.5435
2021-04-05,4.85619,53.3745,14.7404
2021-04-06,4.88558,53.6974,14.8295
2021-04-07,4.92691,54.1517,14.955
2021-04-08,4.91215,53.9893,14.9102
2021-04-09,4.97143,54.6411,15.0901
2021-04-10,5.09739,56.0254,15.4725
2021-04-11,5.09252,55.9719,15.4577
2021-04-12,5.03404,55.3291,15.2801
2021-04-13,5.02355,55.2137,15.2483
2021-04-14,4.91634,54.0356,14.923
2021-04-15,5.10487,56.1077,15.4951
2021-04-16,4.87503,53.5814,14.7975
2021-04-17,4.56201,50.1411,13.8474
2021-04-18,4.4713,49.1441,13.5721
2021-04-19,4.25141,46.7274,12.9046
2021-04-20,4.19456,46.1024,12.732
2021-04-21,4.0384,44.386,12.258
2021-04-22,3.90715,42.9435,11.8596
2021-04-23,4.06601,44.6896,12.3418
2021-04-24,4.33346,47.6291,13.1537
2021-04-25,4.41785,48.5565,13.4097
2021-04-26,4.50223,49.4841,13.6659
2021-04-27,4.57104,50.2403,13.8748
2021-04-28,4.77453,52.4768,14.4925
2021-04-29,4.6703,51.3313,14.1761
2021-04-30,4.71922,51.869,14.3246
2021-05-01,4.66943,51.3217,14.1734
2021-05-02,4.77202,52.4493,14.4892
2021-05-03,4.97318,54.6602,15.1038
2021-05-04,5.05346,55.5426,15.3517
2021-05-05,5.02966,55.2811,15.2831
2021-05-06,5.16071,56.7214,15.6848
2021-05-07,5.18708,57.0112,15.7688
2021-05-08,5.25889,57.8005,15.9908
2021-05-09,5.26243,57.8395,16.0016
2021-05-10,5.27544,57.9823,16.0411
2021-05-11,5.23565,57.545,15.9201
2021-05-12,5.30065,58.2595,16.1178
2021-05-13,5.35498,58.8565,16.283
2021-05-14,5.31454,58.4121,16.16
2021-05-15,5.22131,57.3874,15.8765
2021-05-16,5.11047,56.1691,15.5395
2021-05-17,4.96696,54.5918,15.1031
2021-05-18,4.74829,51.8665,14.3975
2021-05-19,4.66127,50.5074,14.082
2021-05-20,4.46015,45.767,13.3385
2021-05-21,4.33312,41.887,12.8224
2021-05-22,4.29627,38.862,12.5736
2021-05-23,4.22782,35.422,12.2252
2021-05-24,4.25415,32.8657,12.1567
2021-05-25,4.37459,31.7358,12.4187
2021-05-26,4.3588,29.2096,12.2778
2021-05-27,4.38513,29.3861,12.352
2021-05-28,4.43184,29.6991,12.4835
2021-05-29,4.43184,29.6991,12.4835
2021-05-30,4.44325,29.7757,12.5157
2021-05-31,4.40372,29.5108,12.4043
2021-06-01,4.38375,29.3769,12.3481
2021-06-02,4.47583,29.9939,12.5818
2021-06-03,4.5102,30.2243,12.6559
2021-06-04,4.46262,29.9054,12.5016
2021-06-05,4.4315,29.6969,12.3937
2021-06-06,4.45719,29.869,12.4429
2021-06-07,4.42114,29.6275,12.3208
2021-06-08,4.4521,29.8349,12.3851
2021-06-09,4.27525,28.6498,11.8931
2021-06-10,4.14704,27.7906,11.5364
2021-06-11,4.03149,27.0163,11.215
2021-06-12,4.03591,27.0459,11.2273
2021-06-13,3.9493,26.4655,10.9864
2021-06-14,3.92595,26.3089,10.9214
2021-06-15,3.81573,25.5703,10.6147
2021-06-16,3.77366,25.2885,10.4978
2021-06-17,3.79626,25.4399,10.5606
2021-06-18,3.85063,25.8043,10.7119
2021-06-19,3.69836,24.784,10.2883
2021-06-20,3.56149,23.8667,9.90752
2021-06-21,3.43543,23.0219,9.55684
2021-06-22,3.26805,21.9002,9.09122
