datetime,txn_lower_em_d,txn_upper_em_d,txn_estimated_em_d
2014-07-01,249.413,296.332,271.639
2014-07-02,140.016,313.027,219.717
2014-07-03,106.456,335.627,211.801
2014-07-04,91.3001,373.843,221.063
2014-07-05,93.057,450.349,257.085
2014-07-06,78.8239,429.795,239.913
2014-07-07,57.7614,348.194,191.043
2014-07-08,21.0468,326.584,161.145
2014-07-09,22.1409,343.559,169.522
2014-07-10,23.7024,367.791,181.478
2014-07-11,25.6792,398.463,196.613
2014-07-12,28.5219,442.574,218.378
2014-07-13,29.7092,460.999,227.469
2014-07-14,24.5666,381.198,188.094
2014-07-15,21.5944,335.079,165.337
2014-07-16,23.4341,363.625,179.423
2014-07-17,23.8084,369.434,182.289
2014-07-18,25.0888,389.303,192.092
2014-07-19,27.5897,428.108,211.241
2014-07-20,31.4553,488.092,240.838
2014-07-21,25.9398,402.507,198.608
2014-07-22,24.5313,380.65,187.824
2014-07-23,24.566,381.189,188.09
2014-07-24,24.1486,374.713,184.893
2014-07-25,25.8426,400.999,197.864
2014-07-26,27.3734,424.752,209.584
2014-07-27,29.9519,464.763,229.327
2014-07-28,24.2135,375.718,185.391
2014-07-29,25.9001,401.889,198.304
2014-07-30,25.0056,388.013,191.455
2014-07-31,24.2057,375.599,185.331
2014-08-01,24.9783,387.588,191.246
2014-08-02,31.6868,491.682,242.61
2014-08-03,32.5248,504.686,249.026
2014-08-04,25.1905,390.88,192.871
2014-08-05,23.1641,359.436,177.356
2014-08-06,20.8227,323.106,159.429
2014-08-07,24.0829,373.693,184.391
2014-08-08,24.8385,385.42,190.176
2014-08-09,28.744,446.019,220.079
2014-08-10,30.9647,480.476,237.08
2014-08-11,25.0646,388.925,191.906
2014-08-12,25.6004,397.243,196.01
2014-08-13,25.784,400.088,197.415
2014-08-14,25.2865,392.369,193.606
2014-08-15,27.5107,426.883,210.635
2014-08-16,29.0329,450.502,222.29
2014-08-17,32.5753,505.472,249.413
2014-08-18,27.3306,424.089,209.257
2014-08-19,27.0281,419.394,206.94
2014-08-20,28.6975,445.298,219.723
2014-08-21,29.4068,456.304,225.154
2014-08-22,32.7306,507.878,250.601
2014-08-23,39.1718,607.827,299.919
2014-08-24,39.9825,620.406,306.125
2014-08-25,31.6568,491.217,242.38
2014-08-26,30.8241,409.397,204.426
2014-08-27,30.0302,333.279,169.107
2014-08-28,32.8706,292.896,152.143
2014-08-29,33.2599,227.195,122.243
2014-08-30,37.9405,178.861,102.639
2014-08-31,41.7234,118.216,76.903
2014-09-01,34.7953,41.3411,37.8959
2014-09-02,33.9473,40.3334,36.9723
2014-09-03,34.6805,41.2043,37.7708
2014-09-04,35.4482,42.1167,38.6067
2014-09-05,36.7972,43.7193,40.0762
2014-09-06,40.2702,47.8459,43.8586
2014-09-07,41.9184,49.8039,45.6537
2014-09-08,33.6356,39.9631,36.6329
2014-09-09,31.1215,36.9763,33.8947
2014-09-10,34.7067,41.2356,37.7994
2014-09-11,38.5623,45.8168,41.9985
2014-09-12,37.5385,44.6002,40.8835
2014-09-13,42.0987,50.0186,45.8503
2014-09-14,38.6888,45.9668,42.1361
2014-09-15,34.0953,40.5094,37.1335
2014-09-16,31.811,37.7951,34.6455
2014-09-17,35.8656,42.6125,39.0615
2014-09-18,37.9699,45.1127,41.3533
2014-09-19,43.3741,51.5335,47.2392
2014-09-20,47.718,56.6947,51.9701
2014-09-21,50.9097,60.4867,55.446
2014-09-22,41.8844,49.7635,45.6164
2014-09-23,39.0332,46.3761,42.5114
2014-09-24,39.2244,46.6032,42.7196
2014-09-25,37.3618,44.3902,40.6911
2014-09-26,39.9025,47.4089,43.4582
2014-09-27,45.0417,53.5149,49.0553
2014-09-28,45.0214,53.4908,49.0333
2014-09-29,35.7897,42.5225,38.979
2014-09-30,36.652,43.547,39.918
2014-10-01,37.0655,44.0383,40.3684
2014-10-02,39.951,47.4667,43.511
2014-10-03,38.8199,46.1227,42.2791
2014-10-04,44.631,53.027,48.6081
2014-10-05,45.8688,54.4976,49.9563
2014-10-06,40.4721,48.0856,44.0785
2014-10-07,39.2445,46.6271,42.7415
2014-10-08,38.9599,46.289,42.4315
2014-10-09,37.4622,44.5094,40.8004
2014-10-10,38.6433,45.9129,42.0867
2014-10-11,47.7877,56.7774,52.0458
2014-10-12,48.0213,57.0548,52.3004
2014-10-13,38.9603,46.2894,42.4318
2014-10-14,37.2964,44.3125,40.6198
2014-10-15,40.1209,47.6682,43.6959
2014-10-16,40.4349,48.0412,44.0379
2014-10-17,42.6865,50.7167,46.4903
2014-10-18,46.3793,55.1042,50.5121
2014-10-19,48.0389,57.0759,52.3196
2014-10-20,36.0982,42.8891,39.315
2014-10-21,37.3245,44.3459,40.6505
2014-10-22,38.3975,45.6208,41.819
2014-10-23,38.3042,45.51,41.7175
2014-10-24,40.4642,48.0765,44.0699
2014-10-25,43.2825,51.4248,47.1395
2014-10-26,44.1668,52.4755,48.1025
2014-10-27,38.1508,45.3276,41.5504
2014-10-28,36.0401,42.8199,39.2517
2014-10-29,33.8632,40.2335,36.8806
2014-10-30,34.9137,41.4815,38.0247
2014-10-31,38.7636,46.0558,42.2179
2014-11-01,47.9135,56.9268,52.1829
2014-11-02,44.3927,52.7437,48.3485
2014-11-03,38.2536,45.45,41.6624
2014-11-04,40.2822,47.8602,43.8718
2014-11-05,39.2808,46.6703,42.7812
2014-11-06,37.2495,44.257,40.5688
2014-11-07,41.0048,48.7184,44.6586
2014-11-08,47.7361,56.7161,51.9898
2014-11-09,48.4955,57.6185,52.8168
2014-11-10,39.1032,46.4592,42.5877
2014-11-11,39.9321,47.4439,43.4904
2014-11-12,36.1472,42.9471,39.3682
2014-11-13,36.8417,43.7723,40.1245
2014-11-14,39.8361,47.3301,43.386
2014-11-15,46.3469,55.0656,50.4767
2014-11-16,44.6597,53.061,48.6392
2014-11-17,38.3058,45.5118,41.7191
2014-11-18,39.6406,47.0978,43.1729
2014-11-19,40.5495,48.1777,44.1628
2014-11-20,38.5103,45.7549,41.9419
2014-11-21,40.8776,48.5674,44.5202
2014-11-22,45.7054,54.3033,49.7779
2014-11-23,43.9535,52.222,47.8701
2014-11-24,39.8056,47.2937,43.3526
2014-11-25,38.8744,46.1874,42.3385
2014-11-26,39.1813,46.552,42.6727
2014-11-27,39.5007,46.9314,43.0206
2014-11-28,39.7694,47.2508,43.3133
2014-11-29,43.3248,51.4752,47.1856
2014-11-30,41.0333,48.7523,44.6896
2014-12-01,35.1385,41.7487,38.2697
2014-12-02,33.4062,41.7264,37.3161
2014-12-03,31.3628,40.8646,35.8083
2014-12-04,30.144,41.4425,35.4096
2014-12-05,30.936,45.1446,37.5376
2014-12-06,31.8344,49.4707,40.0095
2014-12-07,31.0811,51.836,40.6835
2014-12-08,24.7876,44.1446,33.731
2014-12-09,24.7055,43.9987,33.6196
2014-12-10,25.7886,45.9273,35.0933
2014-12-11,27.3138,48.6437,37.1689
2014-12-12,27.8064,49.5211,37.8394
2014-12-13,29.9308,53.3043,40.7299
2014-12-14,29.0433,51.7237,39.5223
2014-12-15,23.9797,42.7061,32.632
2014-12-16,22.435,39.9549,30.5296
2014-12-17,22.6532,40.3435,30.8267
2014-12-18,22.9302,40.8368,31.2035
2014-12-19,22.7432,40.5039,30.9492
2014-12-20,24.6087,43.8261,33.4879
2014-12-21,26.7731,47.6807,36.433
2014-12-22,22.3909,39.8765,30.4698
2014-12-23,21.8374,38.8906,29.7165
2014-12-24,27.0477,48.1697,36.8065
2014-12-25,33.7458,60.0986,45.9217
2014-12-26,30.5178,54.3495,41.5287
2014-12-27,30.7955,54.8442,41.9066
2014-12-28,32.332,57.5805,43.9975
2014-12-29,29.3362,52.2452,39.9208
2014-12-30,28.9476,51.5534,39.3923
2014-12-31,31.9063,56.8226,43.4183
2015-01-01,42.0689,74.9215,57.2479
2015-01-02,31.9919,56.9752,43.5351
2015-01-03,31.2509,55.6557,42.5267
2015-01-04,30.1989,53.7819,41.095
2015-01-05,26.9965,48.0786,36.7371
2015-01-06,29.5476,52.622,40.2089
2015-01-07,28.5527,50.8502,38.8549
2015-01-08,23.5784,41.9916,32.0859
2015-01-09,24.1369,42.986,32.8457
2015-01-10,23.2103,41.3357,31.5849
2015-01-11,26.4274,47.0652,35.9627
2015-01-12,23.9272,42.6124,32.5605
2015-01-13,22.6839,40.3983,30.8685
2015-01-14,22.5222,40.1102,30.6484
2015-01-15,19.9114,35.4608,27.0958
2015-01-16,23.1235,41.1812,31.4666
2015-01-17,26.8103,47.747,36.4838
2015-01-18,29.4582,52.4627,40.0871
2015-01-19,25.1522,44.7942,34.2275
2015-01-20,24.8143,44.1925,33.7676
2015-01-21,25.42,45.2711,34.5918
2015-01-22,25.8805,46.0911,35.2183
2015-01-23,25.9498,46.2148,35.3128
2015-01-24,28.2187,50.2552,38.4001
2015-01-25,26.4365,47.0813,35.9751
2015-01-26,20.7619,36.9756,28.2531
2015-01-27,23.2791,41.4582,31.6783
2015-01-28,27.2907,48.6025,37.1375
2015-01-29,26.1126,46.5043,35.5341
2015-01-30,29.3948,52.3496,40.0006
2015-01-31,28.5116,50.7768,38.7987
2015-02-01,31.7972,56.6284,43.2701
2015-02-02,29.8539,53.1676,40.6256
2015-02-03,27.2605,48.5489,37.0963
2015-02-04,27.426,48.8435,37.3217
2015-02-05,28.6367,51,38.9694
2015-02-06,29.986,53.4029,40.8054
2015-02-07,29.7976,53.0673,40.549
2015-02-08,30.2372,53.8504,41.1473
2015-02-09,24.0206,42.7788,32.6874
2015-02-10,25.0729,44.6529,34.1194
2015-02-11,26.873,47.8587,36.569
2015-02-12,29.008,51.661,39.4745
2015-02-13,21.9078,39.0161,29.8123
2015-02-14,25.5247,45.4574,34.7342
2015-02-15,30.0817,53.5732,40.9356
2015-02-16,24.5832,43.7808,33.4532
2015-02-17,25.0976,44.6969,34.153
2015-02-18,24.6631,43.923,33.5618
2015-02-19,28.8246,51.3342,39.2248
2015-02-20,27.9146,49.7138,37.9864
2015-02-21,30.86,54.9595,41.9947
2015-02-22,32.2425,57.4212,43.8759
2015-02-23,26.7837,47.6997,36.4475
2015-02-24,25.5406,45.4858,34.7558
2015-02-25,25.4748,45.3685,34.6662
2015-02-26,26.42,47.052,35.9526
2015-02-27,26.289,46.8188,35.7745
2015-02-28,29.9618,53.3596,40.7724
2015-03-01,30.1459,53.6874,41.0228
2015-03-02,25.8917,46.111,35.2336
2015-03-03,25.1709,44.8274,34.2528
2015-03-04,27.8432,49.5866,37.8894
2015-03-05,26.6616,47.4823,36.2813
2015-03-06,28.6072,50.9474,38.929
2015-03-07,29.2888,52.1609,39.8563
2015-03-08,31.1192,55.421,42.3475
2015-03-09,25.5163,45.4427,34.7229
2015-03-10,25.4256,45.2812,34.5994
2015-03-11,27.0615,48.1944,36.8255
2015-03-12,28.1139,50.0686,38.2576
2015-03-13,28.4327,50.6364,38.6916
2015-03-14,30.3017,53.9648,41.2347
2015-03-15,31.5837,56.248,42.9794
2015-03-16,25.3676,45.1777,34.5206
2015-03-17,26.1629,46.5942,35.6029
2015-03-18,26.124,46.5248,35.5497
2015-03-19,24.6311,43.8661,33.5182
2015-03-20,25.0301,44.5766,34.0611
2015-03-21,28.4912,50.7405,38.7711
2015-03-22,29.1662,51.9428,39.6896
2015-03-23,25.0173,44.5538,34.0439
2015-03-24,29.7648,53.0089,40.5044
2015-03-25,28.656,51.034,38.9954
2015-03-26,27.7436,49.4091,37.7537
2015-03-27,29.0886,51.8045,39.5842
2015-03-28,32.9627,58.7039,44.856
2015-03-29,32.0793,57.131,43.6541
2015-03-30,27.2274,48.4901,37.0515
2015-03-31,24.6289,43.8623,33.5154
2015-04-01,23.0921,41.1251,31.424
2015-04-02,25.0147,44.5491,34.0402
2015-04-03,26.1837,46.6311,35.631
2015-04-04,30.6812,54.6408,41.7512
2015-04-05,29.0155,51.6743,39.4845
2015-04-06,25.4476,45.3203,34.6295
2015-04-07,25.4156,45.2634,34.586
2015-04-08,24.9555,44.4436,33.9595
2015-04-09,23.1284,41.1899,31.4734
2015-04-10,24.2542,43.1949,33.0055
2015-04-11,27.3943,48.7869,37.2784
2015-04-12,30.7014,54.6767,41.7786
2015-04-13,23.8703,42.5112,32.4831
2015-04-14,24.9335,44.4045,33.9297
2015-04-15,25.445,45.3157,34.6259
2015-04-16,27.7851,49.4832,37.8103
2015-04-17,26.0753,46.4382,35.4836
2015-04-18,27.5935,49.1418,37.5494
2015-04-19,30.0485,53.514,40.8903
2015-04-20,23.2716,41.4451,31.6684
2015-04-21,24.1079,42.9342,32.8062
2015-04-22,24.8507,44.2569,33.817
2015-04-23,24.9859,44.4978,34.0011
2015-04-24,25.0602,44.6303,34.1022
2015-04-25,27.995,49.857,38.0961
2015-04-26,29.5055,52.5471,40.1515
2015-04-27,23.7157,42.2359,32.2727
2015-04-28,23.8377,42.4531,32.4386
2015-04-29,22.4373,39.9592,30.533
2015-04-30,23.3872,41.6507,31.8255
2015-05-01,27.1829,48.4107,36.9907
2015-05-02,28.0045,49.8738,38.1089
2015-05-03,31.3857,55.8954,42.7099
2015-05-04,25.3011,45.0593,34.43
2015-05-05,22.8378,40.6724,31.0779
2015-05-06,24.3979,43.4509,33.201
2015-05-07,24.7032,43.9947,33.6165
2015-05-08,25.2033,44.885,34.2969
2015-05-09,28.5339,50.8168,38.8294
2015-05-10,29.8685,53.1933,40.6452
2015-05-11,24.7029,43.9941,33.616
2015-05-12,24.8908,44.3286,33.8716
2015-05-13,25.1997,44.8787,34.292
2015-05-14,27.3486,48.7059,37.2163
2015-05-15,26.3418,46.9128,35.8464
2015-05-16,30.6352,54.559,41.6887
2015-05-17,33.2397,59.1972,45.233
2015-05-18,29.104,51.8321,39.6051
2015-05-19,26.305,46.847,35.796
2015-05-20,26.0788,46.4442,35.4882
2015-05-21,28.4876,50.7343,38.7663
2015-05-22,27.1017,48.266,36.8803
2015-05-23,31.7432,56.532,43.1964
2015-05-24,28.4451,50.6584,38.7082
2015-05-25,25.1381,44.7691,34.2083
2015-05-26,24.9614,44.4544,33.9678
2015-05-27,24.851,44.2577,33.8175
2015-05-28,23.632,42.0869,32.1587
2015-05-29,21.4975,38.2854,29.254
2015-05-30,21.3848,38.0846,29.1007
2015-05-31,27.6957,49.324,37.6886
2015-06-01,20.9951,37.3908,28.5705
2015-06-02,21.1238,37.6198,28.7454
2015-06-03,21.2342,37.8164,28.8957
2015-06-04,23.0223,41.0009,31.329
2015-06-05,24.2373,43.1648,32.9823
2015-06-06,29.9318,53.3061,40.7314
2015-06-07,33.1193,58.983,45.0692
2015-06-08,26.2255,46.7057,35.6879
2015-06-09,23.3445,41.5748,31.7675
2015-06-10,22.1832,39.5066,30.1871
2015-06-11,24.009,42.7581,32.6716
2015-06-12,22.8982,40.7798,31.1601
2015-06-13,26.9807,48.0505,36.7156
2015-06-14,27.82,49.5451,37.8577
2015-06-15,22.0158,39.2086,29.9593
2015-06-16,22.8227,40.6454,31.0573
2015-06-17,20.7561,36.9649,28.245
2015-06-18,22.7176,40.4583,30.9144
2015-06-19,22.9113,40.8033,31.178
2015-06-20,27.6212,49.1914,37.5872
2015-06-21,28.4982,50.7532,38.7808
2015-06-22,23.2916,41.4806,31.6954
2015-06-23,22.6308,40.3035,30.796
2015-06-24,25.0757,44.6581,34.1234
2015-06-25,25.3406,45.1297,34.4837
2015-06-26,24.429,43.5061,33.2433
2015-06-27,26.6997,47.5501,36.3334
2015-06-28,29.0112,51.6668,39.4788
2015-06-29,22.8501,40.6943,31.0946
2015-06-30,18.2794,32.5541,24.8747
2015-07-01,19.3461,34.4539,26.3264
2015-07-02,19.6345,34.9675,26.7188
2015-07-03,21.6476,38.5528,29.4584
2015-07-04,27.4444,48.8765,37.3467
2015-07-05,24.9588,44.4497,33.9643
2015-07-06,17.1586,30.5583,23.3497
2015-07-07,15.4975,27.5998,21.0892
2015-07-08,15.0122,26.7357,20.4289
2015-07-09,15.5368,27.6698,21.1427
2015-07-10,15.2861,27.2233,20.8014
2015-07-11,15.7997,28.1381,21.5004
2015-07-12,14.065,25.0485,19.1397
2015-07-13,17.8906,31.8617,24.3457
2015-07-14,23.639,42.0992,32.1681
2015-07-15,25.0126,44.5455,34.0375
2015-07-16,25.4065,45.247,34.5734
2015-07-17,24.8109,44.1863,33.763
2015-07-18,22.3029,39.7197,30.35
2015-07-19,24.5183,43.6652,33.3647
2015-07-20,23.847,42.4697,32.4512
2015-07-21,21.9603,39.1097,29.8839
2015-07-22,22.4049,39.9014,30.4889
2015-07-23,26.9857,48.0593,36.7224
2015-07-24,27.4901,48.9579,37.4089
2015-07-25,30.2459,53.8657,41.1591
2015-07-26,32.635,58.1203,44.41
2015-07-27,26.1891,46.6406,35.6383
2015-07-28,25.7952,45.9394,35.1025
2015-07-29,21.3507,38.0239,29.0543
2015-07-30,24.6745,43.9435,33.5773
2015-07-31,20.3895,36.3121,27.7462
2015-08-01,20.4499,36.4196,27.8283
2015-08-02,29.3112,52.201,39.8871
2015-08-03,25.5354,45.4767,34.749
2015-08-04,23.0882,41.1183,31.4187
2015-08-05,22.4596,39.9988,30.5632
2015-08-06,22.4768,40.0295,30.5868
2015-08-07,26.848,47.8141,36.5349
2015-08-08,29.6457,52.7966,40.3422
2015-08-09,32.9841,58.7423,44.8852
2015-08-10,25.8445,46.0271,35.1696
2015-08-11,27.0205,48.1216,36.7699
2015-08-12,26.147,46.5659,35.5812
2015-08-13,26.3644,46.953,35.877
2015-08-14,28.0092,49.8821,38.1151
2015-08-15,32.0847,57.1402,43.661
2015-08-16,33.9038,60.3802,46.1368
2015-08-17,25.8565,46.0485,35.1859
2015-08-18,24.3096,43.2935,33.0807
2015-08-19,24.9817,44.4904,33.9953
2015-08-20,25.4631,45.3478,34.6505
2015-08-21,27.058,48.1883,36.821
2015-08-22,29.8626,53.1828,40.6373
2015-08-23,33.3793,59.4458,45.4228
2015-08-24,25.4671,45.355,34.6559
2015-08-25,26.1268,46.5298,35.5537
2015-08-26,26.1764,46.6181,35.6211
2015-08-27,26.5588,47.2992,36.1416
2015-08-28,26.3573,46.9402,35.8672
2015-08-29,29.5765,52.6735,40.2479
2015-08-30,32.8272,58.4628,44.6716
2015-08-31,25.4152,45.2624,34.5852
2015-09-01,25.248,44.9645,34.3576
2015-09-02,20.4009,39.0386,28.9819
2015-09-03,22.3886,45.9078,33.1878
2015-09-04,25.6806,57.1368,40.087
2015-09-05,19.5845,47.575,32.3751
2015-09-06,20.894,55.6578,36.75
2015-09-07,15.9513,47.2639,30.2081
2015-09-08,14.0651,46.8081,28.9503
2015-09-09,13.8987,46.2543,28.6079
2015-09-10,14.5063,48.2763,29.8583
2015-09-11,10.1133,33.6568,20.8164
2015-09-12,13.0664,43.4843,26.8946
2015-09-13,12.4056,41.2854,25.5346
2015-09-14,10.8677,36.1674,22.3692
2015-09-15,11.369,37.8358,23.4011
2015-09-16,11.0068,36.6301,22.6553
2015-09-17,6.92894,23.0593,14.2619
2015-09-18,11.0719,36.8468,22.7894
2015-09-19,15.4977,51.5757,31.8989
2015-09-20,16.0273,53.3383,32.9893
2015-09-21,13.0967,43.5853,26.957
2015-09-22,12.6526,42.1074,26.043
2015-09-23,13.4672,44.8184,27.7197
2015-09-24,14.1251,47.008,29.074
2015-09-25,14.0547,46.7733,28.9288
2015-09-26,15.9209,52.984,32.77
2015-09-27,17.2735,57.4856,35.5542
2015-09-28,13.6986,45.5883,28.1959
2015-09-29,13.7116,45.6314,28.2226
2015-09-30,13.6632,45.4706,28.1231
2015-10-01,14.369,47.8193,29.5757
2015-10-02,13.5221,45.0009,27.8326
2015-10-03,15.8284,52.6761,32.5796
2015-10-04,18.4153,61.2856,37.9046
2015-10-05,15.3833,51.1949,31.6636
2015-10-06,13.0114,43.3013,26.7814
2015-10-07,13.7796,45.8582,28.3628
2015-10-08,13.1544,43.7773,27.0758
2015-10-09,15.9113,52.952,32.7504
2015-10-10,14.5799,48.5212,30.0099
2015-10-11,17.5881,58.5327,36.2019
2015-10-12,13.5303,45.0285,27.8496
2015-10-13,13.4153,44.6453,27.6126
2015-10-14,12.9899,43.2295,26.737
2015-10-15,12.3285,41.0286,25.3758
2015-10-16,13.44,44.7277,27.6636
2015-10-17,13.8467,46.0813,28.5008
2015-10-18,15.7084,52.277,32.3328
2015-10-19,13.3573,44.4526,27.4934
2015-10-20,13.0289,43.3595,26.8174
2015-10-21,12.599,41.9289,25.9327
2015-10-22,12.6144,41.9801,25.9643
2015-10-23,13.0244,43.3448,26.8083
2015-10-24,13.4531,44.7715,27.6907
2015-10-25,14.4771,48.1793,29.7983
2015-10-26,16.3379,54.3718,33.6284
2015-10-27,12.5973,41.9232,25.929
2015-10-28,12.0338,40.0477,24.7692
2015-10-29,12.036,40.0551,24.7737
2015-10-30,11.9147,39.6516,24.5242
2015-10-31,12.8436,42.7429,26.4361
2015-11-01,13.1063,43.6172,26.9768
2015-11-02,11.5313,38.3758,23.7351
2015-11-03,10.7628,35.8183,22.1533
2015-11-04,9.99848,33.2745,20.5799
2015-11-05,11.1209,37.0098,22.8902
2015-11-06,11.8882,39.5634,24.4695
2015-11-07,13.1584,43.7909,27.0841
2015-11-08,14.8405,49.3887,30.5464
2015-11-09,12.2599,40.8007,25.2348
2015-11-10,11.9944,39.9169,24.6883
2015-11-11,12.4429,41.4097,25.6115
2015-11-12,12.818,42.6577,26.3833
2015-11-13,13.3627,44.4705,27.5045
2015-11-14,13.7267,45.6819,28.2539
2015-11-15,14.804,49.267,30.4712
2015-11-16,13.8104,45.9606,28.4261
2015-11-17,14.0933,46.9021,29.0085
2015-11-18,13.2282,44.0229,27.2278
2015-11-19,13.8296,46.0243,28.4656
2015-11-20,13.8045,45.9407,28.4138
2015-11-21,14.6594,48.786,30.1737
2015-11-22,17.2606,57.4423,35.5274
2015-11-23,15.2684,50.8127,31.4271
2015-11-24,14.8523,49.4278,30.5705
2015-11-25,15.0346,50.0345,30.9458
2015-11-26,14.5708,48.4911,29.9913
2015-11-27,14.7243,49.0018,30.3071
2015-11-28,14.1936,47.2356,29.2148
2015-11-29,17.9954,59.8882,37.0402
2015-11-30,12.967,43.1536,26.69
2015-12-01,13.4447,44.7434,27.6733
2015-12-02,13.204,43.9426,27.178
2015-12-03,14.2528,47.4326,29.3366
2015-12-04,13.7825,45.8679,28.3688
2015-12-05,13.0973,43.5873,26.9583
2015-12-06,13.7018,45.5989,28.2025
2015-12-07,12.7457,42.4169,26.2344
2015-12-08,12.8526,42.7728,26.4545
2015-12-09,11.6052,38.6216,23.887
2015-12-10,13.0227,43.339,26.8047
2015-12-11,13.3528,44.4374,27.4841
2015-12-12,13.766,45.8126,28.3347
2015-12-13,14.7355,49.0391,30.3302
2015-12-14,12.5856,41.8845,25.9051
2015-12-15,13.0913,43.5672,26.9459
2015-12-16,13.2495,44.0939,27.2716
2015-12-17,12.8275,42.6895,26.403
2015-12-18,13.132,43.7026,27.0296
2015-12-19,13.3927,44.5704,27.5663
2015-12-20,15.4295,51.3488,31.7587
2015-12-21,12.8379,42.724,26.4243
2015-12-22,13.1634,43.8073,27.0943
2015-12-23,13.5043,44.9418,27.7961
2015-12-24,14.2925,47.5647,29.4183
2015-12-25,16.8866,56.1979,34.7579
2015-12-26,17.2032,57.2515,35.4095
2015-12-27,19.9577,66.4185,41.0792
2015-12-28,18.5081,61.5943,38.0955
2015-12-29,17.4941,58.2196,36.0082
2015-12-30,18.4324,61.3421,37.9394
2015-12-31,21.1751,70.47,43.585
2016-01-01,26.2394,87.3237,54.0088
2016-01-02,21.6614,72.0883,44.5859
2016-01-03,21.77,72.4496,44.8093
2016-01-04,17.9011,59.5741,36.846
2016-01-05,18.0418,60.0424,37.1357
2016-01-06,18.9841,63.1781,39.075
2016-01-07,17.3538,57.7527,35.7195
2016-01-08,18.8562,62.7526,38.8118
2016-01-09,19.1117,63.6028,39.3376
2016-01-10,21.9054,72.9004,45.0881
2016-01-11,18.3014,60.9065,37.6701
2016-01-12,18.1656,60.4543,37.3904
2016-01-13,19.0935,63.5422,39.3002
2016-01-14,19.5772,65.1521,40.2959
2016-01-15,18.8462,62.7192,38.7912
2016-01-16,18.1566,60.4244,37.3719
2016-01-17,16.8582,56.1033,34.6993
2016-01-18,16.3633,54.4566,33.6809
2016-01-19,18.3138,60.9478,37.6956
2016-01-20,16.4926,54.8865,33.9468
2016-01-21,15.5418,51.7225,31.9898
2016-01-22,17.0669,56.7981,35.1291
2016-01-23,19.82,65.9603,40.7957
2016-01-24,19.0755,63.4826,39.2633
2016-01-25,17.1262,56.9953,35.251
2016-01-26,16.9757,56.4944,34.9412
2016-01-27,17.2193,57.3051,35.4426
2016-01-28,17.8434,59.382,36.7272
2016-01-29,17.9387,59.6993,36.9234
2016-01-30,20.9993,69.8846,43.2229
2016-01-31,23.6381,78.6665,48.6543
2016-02-01,18.8421,62.7057,38.7828
2016-02-02,17.7029,58.9147,36.4381
2016-02-03,22.8335,75.9887,46.9983
2016-02-04,22.1575,73.7393,45.607
2016-02-05,20.0237,66.6382,41.215
2016-02-06,20.3532,67.7346,41.8932
2016-02-07,21.944,73.0286,45.1674
2016-02-08,20.9868,69.8432,43.1972
2016-02-09,20.8897,69.52,42.9974
2016-02-10,20.7854,69.1728,42.7827
2016-02-11,23.1854,77.16,47.7227
2016-02-12,25.6028,85.2051,52.6985
2016-02-13,27.8282,92.611,57.279
2016-02-14,27.4688,91.415,56.5392
2016-02-15,23.2769,77.4646,47.911
2016-02-16,22.9853,76.4942,47.3108
2016-02-17,21.6702,72.1175,44.604
2016-02-18,22.6501,75.3786,46.621
2016-02-19,21.8534,72.7271,44.981
2016-02-20,22.3126,74.2552,45.9261
2016-02-21,22.858,76.0703,47.0487
2016-02-22,19.7239,65.6404,40.5979
2016-02-23,19.4456,64.714,40.0249
2016-02-24,20.7497,69.054,42.7091
2016-02-25,21.716,72.27,44.6983
2016-02-26,23.16,77.0754,47.6703
2016-02-27,25.8065,85.8829,53.1177
2016-02-28,20.2668,67.4472,41.7154
2016-02-29,17.9431,59.714,36.9325
2016-03-01,17.2699,57.4735,35.5468
2016-03-02,18.4237,61.3132,37.9216
2016-03-03,22.0134,73.2597,45.3104
2016-03-04,23.8665,79.4266,49.1246
2016-03-05,21.0381,70.0141,43.303
2016-03-06,30.8543,102.682,63.5077
2016-03-07,27.1205,90.2561,55.8224
2016-03-08,25.0161,83.2523,51.4907
2016-03-09,26.4686,88.0866,54.4806
2016-03-10,27.0999,90.1873,55.7799
2016-03-11,26.9534,89.7,55.4785
2016-03-12,30.2802,100.771,62.3258
2016-03-13,33.4813,111.424,68.9147
2016-03-14,26.6886,88.8184,54.9332
2016-03-15,25.3927,84.5059,52.266
2016-03-16,23.8853,79.4894,49.1634
2016-03-17,23.9845,79.8196,49.3676
2016-03-18,23.7779,79.132,48.9423
2016-03-19,27.55,91.6855,56.7065
2016-03-20,27.972,93.0896,57.575
2016-03-21,24.8759,82.7859,51.2023
2016-03-22,23.9748,79.787,49.3474
2016-03-23,26.4297,87.9572,54.4006
2016-03-24,26.2894,87.4901,54.1118
2016-03-25,29.3615,97.714,60.4351
2016-03-26,32.3444,107.641,66.5746
2016-03-27,31.9425,106.304,65.7477
2016-03-28,26.8994,89.5202,55.3673
2016-03-29,26.9465,89.6766,55.4641
2016-03-30,26.4116,87.8968,54.3633
2016-03-31,25.1573,83.7224,51.7815
2016-04-01,24.6995,82.1988,50.8391
2016-04-02,28.1739,93.7616,57.9905
2016-04-03,29.0357,96.6297,59.7644
2016-04-04,24.7337,82.3129,50.9097
2016-04-05,23.8877,79.4971,49.1682
2016-04-06,23.806,79.2253,49
2016-04-07,24.2657,80.7556,49.9464
2016-04-08,24.5439,81.6809,50.5188
2016-04-09,27.3523,91.0275,56.2994
2016-04-10,29.5769,98.4303,60.8783
2016-04-11,23.7521,79.0462,48.8891
2016-04-12,22.5998,75.2116,46.5174
2016-04-13,24.4465,81.3571,50.3183
2016-04-14,24.6997,82.1992,50.8396
2016-04-15,26.6486,88.6856,54.8509
2016-04-16,30.6724,102.077,63.1333
2016-04-17,28.9112,96.2154,59.5081
2016-04-18,25.025,83.2822,51.5092
2016-04-19,24.6307,81.9702,50.6975
2016-04-20,26.0318,86.6325,53.5814
2016-04-21,26.2783,87.4529,54.0888
2016-04-22,26.6073,88.548,54.766
2016-04-23,30.4829,101.446,62.7431
2016-04-24,30.0589,100.035,61.8705
2016-04-25,25.1311,83.6356,51.7276
2016-04-26,21.8272,72.64,44.927
2016-04-27,22.0457,73.3674,45.377
2016-04-28,20.9392,69.6849,43.0994
2016-04-29,20.1348,67.0078,41.4436
2016-04-30,24.4942,81.5158,50.4166
2016-05-01,28.2499,94.0141,58.1469
2016-05-02,24.8893,82.8311,51.23
2016-05-03,23.6399,78.6727,48.6583
2016-05-04,24.7121,82.2409,50.865
2016-05-05,25.6259,85.2818,52.7459
2016-05-06,25.3165,84.2523,52.1091
2016-05-07,29.3287,97.6052,60.3676
2016-05-08,31.7231,105.573,65.2959
2016-05-09,26.8144,89.2373,55.1922
2016-05-10,24.8652,82.7503,51.1803
2016-05-11,25.4945,84.8444,52.4755
2016-05-12,26.0731,86.7701,53.6664
2016-05-13,25.7294,85.6264,52.9591
2016-05-14,28.4384,94.6424,58.5351
2016-05-15,29.5615,98.3796,60.8467
2016-05-16,24.2768,80.7921,49.969
2016-05-17,24.2909,80.8394,49.9982
2016-05-18,25.2109,83.901,51.8918
2016-05-19,26.5352,88.3083,54.6175
2016-05-20,27.6864,92.1391,56.9872
2016-05-21,30.1879,100.464,62.1359
2016-05-22,32.7864,109.112,67.4847
2016-05-23,28.162,93.7219,57.9661
2016-05-24,25.6027,85.205,52.6983
2016-05-25,25.1956,83.8497,51.8603
2016-05-26,28.8664,96.0661,59.4161
2016-05-27,29.3353,97.6263,60.381
2016-05-28,32.577,108.415,67.0535
2016-05-29,34.0953,113.467,70.1787
2016-05-30,27.9363,92.9708,57.5014
2016-05-31,26.9628,89.7309,55.4977
2016-06-01,24.8901,82.8332,51.2315
2016-06-02,23.0135,84.271,50.1791
2016-06-03,20.4011,83.2454,47.6068
2016-06-04,21.575,97.9042,53.9559
2016-06-05,19.6227,103.875,54.4977
2016-06-06,14.5764,91.4997,45.7272
2016-06-07,11.9515,88.7289,42.506
2016-06-08,9.59229,89.0451,40.6374
2016-06-09,9.554,88.689,40.475
2016-06-10,9.88479,91.7604,41.8764
2016-06-11,10.9392,101.549,46.3437
2016-06-12,10.7959,100.217,45.7361
2016-06-13,8.95028,83.0852,37.9174
2016-06-14,9.02548,83.783,38.236
2016-06-15,8.65872,80.3788,36.6824
2016-06-16,8.25158,76.5996,34.9576
2016-06-17,8.75255,81.2496,37.08
2016-06-18,9.45633,87.783,40.0613
2016-06-19,10.4954,97.4282,44.4633
2016-06-20,9.21451,85.5385,39.037
2016-06-21,9.47318,87.9396,40.1327
2016-06-22,9.84866,91.4245,41.7234
2016-06-23,9.62264,89.3263,40.7659
2016-06-24,9.67137,89.7794,40.9724
2016-06-25,11.2613,104.538,47.7081
2016-06-26,12.6028,116.991,53.3912
2016-06-27,10.4626,97.1248,44.3246
2016-06-28,10.6901,99.2359,45.288
2016-06-29,10.3135,95.7398,43.6928
2016-06-30,10.0624,93.4092,42.6292
2016-07-01,11.6283,107.945,49.2629
2016-07-02,11.8849,110.327,50.3498
2016-07-03,13.4467,124.825,56.9663
2016-07-04,11.1793,103.777,47.3603
2016-07-05,11.1213,103.239,47.115
2016-07-06,11.0996,103.038,47.0231
2016-07-07,10.9457,101.609,46.3712
2016-07-08,11.1192,103.22,47.1061
2016-07-09,12.6707,117.621,53.6787
2016-07-10,14.516,134.752,61.4965
2016-07-11,10.7662,99.9424,45.6105
2016-07-12,10.6986,99.3152,45.3242
2016-07-13,10.7062,99.3849,45.3561
2016-07-14,10.69,99.2351,45.2878
2016-07-15,10.6628,98.9822,45.1726
2016-07-16,12.7478,118.337,54.0053
2016-07-17,13.4863,125.194,57.1345
2016-07-18,10.4019,96.5609,44.0675
2016-07-19,10.2787,95.4158,43.5449
2016-07-20,10.2541,95.189,43.4412
2016-07-21,10.6326,94.3311,43.5334
2016-07-22,10.3881,87.9698,41.0832
2016-07-23,11.4403,91.8459,43.5039
2016-07-24,11.8671,90.0571,43.324
2016-07-25,8.93995,63.6584,31.1908
2016-07-26,9.02653,60.4144,30.1582
2016-07-27,8.88974,55.0541,28.1646
2016-07-28,8.94726,55.4106,28.347
2016-07-29,9.26063,57.3513,29.3398
2016-07-30,10.6038,65.6689,33.5949
2016-07-31,11.3636,70.375,36.0025
2016-08-01,9.9339,61.5207,31.4728
2016-08-02,9.11376,56.4415,28.8744
2016-08-03,9.74229,60.3342,30.8658
2016-08-04,10.247,63.4599,32.4648
2016-08-05,10.5382,65.2632,33.3875
2016-08-06,12.7418,78.9103,40.369
2016-08-07,12.7885,79.1994,40.5169
2016-08-08,10.3296,63.9715,32.7265
2016-08-09,10.1578,62.9074,32.1822
2016-08-10,9.46999,58.6478,30.0031
2016-08-11,9.0805,56.2356,28.769
2016-08-12,9.73226,60.2719,30.8339
2016-08-13,10.5364,65.2521,33.3817
2016-08-14,11.4581,70.9601,36.3018
2016-08-15,11.2994,69.977,35.7989
2016-08-16,9.19434,56.9406,29.1297
2016-08-17,9.65822,59.8135,30.5994
2016-08-18,9.74068,60.324,30.8606
2016-08-19,9.63075,59.6433,30.5123
2016-08-20,11.4232,70.7439,36.1912
2016-08-21,13.0118,80.5824,41.2243
2016-08-22,10.7516,66.5844,34.0633
2016-08-23,10.3909,64.3509,32.9206
2016-08-24,10.8535,67.2156,34.3862
2016-08-25,10.6638,66.0409,33.7853
2016-08-26,10.7757,66.7342,34.1399
2016-08-27,12.6515,78.3503,40.0825
2016-08-28,13.7071,84.8883,43.4271
2016-08-29,10.531,65.2184,33.3644
2016-08-30,9.59719,59.4354,30.406
2016-08-31,10.5653,65.4312,33.4733
2016-09-01,10.1475,62.8438,32.1497
2016-09-02,10.9131,67.5848,34.5751
2016-09-03,13.3202,82.492,42.2013
2016-09-04,13.6276,84.3957,43.1752
2016-09-05,10.8888,67.4343,34.498
2016-09-06,10.392,64.3581,32.9244
2016-09-07,9.78938,60.6255,31.0149
2016-09-08,10.858,67.2436,34.4006
2016-09-09,11.0572,68.4778,35.0319
2016-09-10,12.9728,80.3407,41.1008
2016-09-11,13.7036,84.8666,43.4162
2016-09-12,12.1453,75.2156,38.4788
2016-09-13,10.8909,67.4474,34.5048
2016-09-14,11.3492,70.2853,35.9566
2016-09-15,11.4059,70.6367,36.1363
2016-09-16,12.616,78.1315,39.9705
2016-09-17,12.4889,77.3439,39.5676
2016-09-18,13.8528,85.7903,43.8887
2016-09-19,11.5537,71.5523,36.6047
2016-09-20,10.4309,64.5991,33.0476
2016-09-21,10.7557,66.6099,34.0763
2016-09-22,10.9896,68.0589,34.8176
2016-09-23,11.3526,70.3069,35.9676
2016-09-24,12.1788,75.4232,38.5851
2016-09-25,13.5845,84.1294,43.039
2016-09-26,11.8396,73.3226,37.5104
2016-09-27,11.6473,72.1316,36.9012
2016-09-28,11.8295,73.2603,37.4786
2016-09-29,11.571,71.6595,36.6596
2016-09-30,11.3453,70.2619,35.9445
2016-10-01,13.3277,82.5382,42.225
2016-10-02,14.2634,88.3333,45.1896
2016-10-03,10.599,65.6399,33.5801
2016-10-04,10.2755,63.6366,32.5553
2016-10-05,10.379,64.2773,32.883
2016-10-06,10.2603,63.542,32.5068
2016-10-07,10.5845,65.5502,33.5342
2016-10-08,11.4424,70.8628,36.2522
2016-10-09,14.0014,86.7109,44.3597
2016-10-10,13.0075,80.5554,41.2107
2016-10-11,10.9157,67.6013,34.5834
2016-10-12,12.1824,75.4456,38.5965
2016-10-13,12.1094,74.9934,38.3652
2016-10-14,11.6332,72.0444,36.8565
2016-10-15,12.957,80.2427,41.0507
2016-10-16,13.3553,82.7097,42.3126
2016-10-17,11.1515,69.0616,35.3306
2016-10-18,10.6963,66.2422,33.8882
2016-10-19,13.2462,82.0338,41.9669
2016-10-20,9.81547,60.7873,31.0976
2016-10-21,10.297,63.7698,32.6234
2016-10-22,12.6905,78.5924,40.2063
2016-10-23,14.52,89.9225,46.0026
2016-10-24,12.4441,77.0662,39.4255
2016-10-25,11.6961,72.434,37.0559
2016-10-26,12.5447,77.6891,39.7442
2016-10-27,8.7971,54.4805,27.8712
2016-10-28,11.2787,69.8493,35.7336
2016-10-29,12.2927,76.1289,38.9461
2016-10-30,13.8929,86.039,44.016
2016-10-31,11.9965,74.294,38.0075
2016-11-01,11.8152,73.1717,37.4333
2016-11-02,10.8059,66.9204,34.2353
2016-11-03,10.5929,65.6017,33.5605
2016-11-04,11.2169,69.4661,35.5375
2016-11-05,11.6591,72.205,36.9387
2016-11-06,12.1256,75.0941,38.4167
2016-11-07,9.97746,61.7906,31.6109
2016-11-08,9.48184,58.7213,30.0406
2016-11-09,10.5418,65.2856,33.3988
2016-11-10,10.6305,65.8349,33.6799
2016-11-11,11.8445,73.3531,37.5261
2016-11-12,13.4337,83.1949,42.561
2016-11-13,13.86,85.8342,43.9113
2016-11-14,11.5199,71.3428,36.4975
2016-11-15,10.9873,68.0447,34.8102
2016-11-16,10.8581,67.2439,34.4008
2016-11-17,11.251,69.6778,35.6458
2016-11-18,11.2725,69.8103,35.7138
2016-11-19,12.3336,76.382,39.0756
2016-11-20,12.6422,78.2925,40.0531
2016-11-21,10.5999,65.6455,33.5829
2016-11-22,10.5314,65.2211,33.3659
2016-11-23,10.7799,66.76,34.1531
2016-11-24,9.25682,57.3279,29.3277
2016-11-25,9.72453,60.2243,30.8096
2016-11-26,11.169,69.1697,35.3858
2016-11-27,13.2672,82.1633,42.0333
2016-11-28,10.8057,66.9204,34.2351
2016-11-29,11.2952,69.9518,35.7858
2016-11-30,11.1271,68.9103,35.2532
2016-12-01,13.3824,82.8769,42.3984
2016-12-02,10.1024,62.5641,32.0066
2016-12-03,11.3004,69.9834,35.8021
2016-12-04,13.3302,82.5536,42.233
2016-12-05,11.6765,72.3127,36.9938
2016-12-06,10.1863,63.0843,32.2727
2016-12-07,10.8263,67.0474,34.3003
2016-12-08,12.049,74.6196,38.1739
2016-12-09,12.5817,77.9187,39.8617
2016-12-10,13.0187,80.625,41.2461
2016-12-11,14.6958,91.0115,46.5596
2016-12-12,12.6236,78.1779,39.9944
2016-12-13,11.9227,73.837,37.7737
2016-12-14,11.7687,72.8838,37.286
2016-12-15,11.6999,72.4576,37.068
2016-12-16,11.9376,73.9293,37.8209
2016-12-17,14.3144,88.6499,45.3515
2016-12-18,14.0017,86.7127,44.3607
2016-12-19,11.7826,72.9695,37.3298
2016-12-20,10.9111,67.5722,34.5688
2016-12-21,10.2473,63.462,32.4659
2016-12-22,10.9527,67.8299,34.7004
2016-12-23,11.5085,71.2726,36.4616
2016-12-24,14.4777,89.6607,45.8687
2016-12-25,18.0743,111.935,57.2635
2016-12-26,14.4416,89.4369,45.7544
2016-12-27,12.1312,75.1292,38.4346
2016-12-28,11.8474,73.3713,37.5353
2016-12-29,11.819,73.1952,37.4452
2016-12-30,12.6553,78.3742,40.0947
2016-12-31,14.6992,91.0324,46.5705
2017-01-01,20.284,125.62,64.2644
2017-01-02,12.825,79.4256,40.6325
2017-01-03,12.5031,77.4319,39.6127
2017-01-04,11.3906,70.5419,36.0878
2017-01-05,12.856,79.6177,40.7308
2017-01-06,10.7468,66.5554,34.0483
2017-01-07,13.0764,80.9818,41.4288
2017-01-08,14.326,88.7209,45.3878
2017-01-09,13.51,83.668,42.8028
2017-01-10,11.2303,69.5496,35.5803
2017-01-11,12.1074,74.9813,38.359
2017-01-12,12.9277,80.0608,40.9576
2017-01-13,13.9639,86.4786,44.2409
2017-01-14,16.3518,101.267,51.8061
2017-01-15,16.9336,104.87,53.6494
2017-01-16,15.4878,95.9163,49.0688
2017-01-17,14.2366,88.1673,45.1046
2017-01-18,13.9887,86.6321,44.3194
2017-01-19,13.8499,85.7724,43.8796
2017-01-20,14.4307,89.3693,45.7196
2017-01-21,16.4616,101.947,52.154
2017-01-22,18.4566,114.302,58.4747
2017-01-23,18.4383,114.188,58.4166
2017-01-24,15.8189,97.9668,50.1178
2017-01-25,14.7258,91.1973,46.6547
2017-01-26,14.3812,89.0627,45.5627
2017-01-27,17.2637,106.914,54.6953
2017-01-28,18.3955,113.924,58.281
2017-01-29,19.0401,117.915,60.323
2017-01-30,18.6984,115.799,59.2408
2017-01-31,14.98,92.7713,47.4601
2017-02-01,13.6703,84.6604,43.3107
2017-02-02,18.4731,114.546,56.8095
2017-02-03,14.525,90.1751,43.3335
2017-02-04,16.3733,101.771,47.3818
2017-02-05,15.9964,99.5637,44.6399
2017-02-06,20.1112,125.318,54.389
2017-02-07,14.4292,90.021,37.7023
2017-02-08,14.7177,91.9628,36.7313
2017-02-09,13.3934,83.688,33.4262
2017-02-10,15.5045,96.8794,38.695
2017-02-11,17.8886,111.776,44.645
2017-02-12,19.4028,121.238,48.4241
2017-02-13,16.5987,103.717,41.426
2017-02-14,15.4463,96.5164,38.5499
2017-02-15,16.4022,102.489,40.9355
2017-02-16,16.7848,104.879,41.8903
2017-02-17,14.9223,93.2416,37.242
2017-02-18,16.9302,105.788,42.2533
2017-02-19,19.2437,120.244,48.0271
2017-02-20,16.9973,106.207,42.4205
2017-02-21,16.8139,105.061,41.9629
2017-02-22,16.7106,104.416,41.7052
2017-02-23,14.5471,90.8976,36.3056
2017-02-24,14.0432,87.7484,35.048
2017-02-25,15.0547,94.0689,37.5725
2017-02-26,19.3213,120.728,48.2206
2017-02-27,17.9407,112.102,44.7751
2017-02-28,15.9063,99.3903,39.698
2017-03-01,16.4762,102.951,41.1202
2017-03-02,15.8994,99.3472,39.6806
2017-03-03,15.3855,96.136,38.3981
2017-03-04,19.0093,118.779,47.442
2017-03-05,17.5859,109.885,43.8896
2017-03-06,17.2317,107.671,43.0055
2017-03-07,15.2208,95.1069,37.987
2017-03-08,16.8691,105.407,42.1008
2017-03-09,16.471,102.919,41.1072
2017-03-10,16.3688,102.28,40.8523
2017-03-11,18.29,114.285,45.6469
2017-03-12,23.3968,146.194,58.392
2017-03-13,18.9986,118.712,47.4153
2017-03-14,16.7624,104.74,41.8344
2017-03-15,17.7919,111.173,44.4038
2017-03-16,15.9852,99.8835,39.8948
2017-03-17,17.9116,111.92,44.7026
2017-03-18,20.1059,125.631,50.1789
2017-03-19,19.9546,124.686,49.8012
2017-03-20,19.3181,120.709,48.2128
2017-03-21,18.4174,115.081,45.965
2017-03-22,17.1037,106.872,42.6862
2017-03-23,18.8067,117.514,46.9365
2017-03-24,19.1184,119.461,47.7143
2017-03-25,22.276,139.191,55.5948
2017-03-26,24.413,152.545,60.9284
2017-03-27,23.2345,145.18,57.9871
2017-03-28,18.5837,116.119,46.3798
2017-03-29,18.8647,117.876,47.0813
2017-03-30,18.8787,109.393,45.2089
2017-03-31,20.3433,109.459,46.8421
2017-04-01,20.7367,103.63,45.9798
2017-04-02,21.7265,98.4858,45.6718
2017-04-03,19.351,79.8021,38.6848
2017-04-04,21.3058,79.245,40.4694
2017-04-05,17.7502,59.3535,32.046
2017-04-06,19.1278,63.9597,34.3222
2017-04-07,19.2948,73.0675,35.885
2017-04-08,25.2369,104.929,48.296
2017-04-09,24.0598,110.421,47.8099
2017-04-10,20.4014,102.725,42.0871
2017-04-11,18.8471,102.117,40.1084
2017-04-12,20.4807,119.73,45.0753
2017-04-13,24.5501,153.401,55.7121
2017-04-14,19.0286,118.9,43.182
2017-04-15,20.7834,129.864,47.1641
2017-04-16,26.3872,164.88,59.8812
2017-04-17,22.7285,142.018,51.5783
2017-04-18,18.1237,113.246,41.1287
2017-04-19,17.8361,111.448,40.4758
2017-04-20,20.8855,130.503,47.396
2017-04-21,17.4123,108.801,39.5142
2017-04-22,21.3026,133.108,48.3424
2017-04-23,23.5204,146.967,53.3754
2017-04-24,25.5313,159.532,57.9387
2017-04-25,17.5061,109.387,39.7271
2017-04-26,17.198,107.461,39.0278
2017-04-27,19.485,121.752,44.2178
2017-04-28,18.4509,115.29,41.871
2017-04-29,16.9676,106.022,38.5049
2017-04-30,20.541,128.35,46.6141
2017-05-01,20.1143,125.684,45.6459
2017-05-02,17.9714,112.294,40.7828
2017-05-03,19.8934,124.303,45.1444
2017-05-04,16.8841,105.5,38.3155
2017-05-05,22.2692,139.148,50.5359
2017-05-06,16.3134,101.934,37.0204
2017-05-07,19.0242,118.872,43.172
2017-05-08,16.9273,105.77,38.4136
2017-05-09,18.5151,115.691,42.0167
2017-05-10,20.2566,126.573,45.9686
2017-05-11,20.9598,130.967,47.5645
2017-05-12,20.0846,125.498,45.5783
2017-05-13,19.4045,121.249,44.0351
2017-05-14,17.4462,109.012,39.5911
2017-05-15,19.5994,122.466,44.4773
2017-05-16,27.2573,170.317,61.8557
2017-05-17,20.2358,126.443,45.9216
2017-05-18,22.3864,149.1,52.8773
2017-05-19,20.4308,145.626,50.4081
2017-05-20,18.6217,141.397,47.8954
2017-05-21,19.8356,159.493,53.0162
2017-05-22,19.2856,164.213,53.6042
2017-05-23,17.909,159.831,51.4303
2017-05-24,19.6041,183.614,58.2461
2017-05-25,19.5024,182.662,57.9441
2017-05-26,20.4626,191.655,60.7971
2017-05-27,20.8004,194.818,61.8009
2017-05-28,22.9632,215.076,68.2269
2017-05-29,22.2746,208.627,66.181
2017-05-30,20.8475,195.26,61.9404
2017-05-31,22.753,213.107,67.6023
2017-06-01,23.0301,215.703,68.4254
2017-06-02,26.9506,252.422,80.074
2017-06-03,24.472,229.208,72.7098
2017-06-04,28.2161,264.275,83.8334
2017-06-05,26.6819,249.906,79.2757
2017-06-06,25.8595,242.203,76.8319
2017-06-07,23.0904,216.267,68.6046
2017-06-08,25.8937,242.523,76.9337
2017-06-09,28.7951,269.698,85.5542
2017-06-10,31.0772,291.073,92.3348
2017-06-11,35.4336,331.875,105.278
2017-06-12,28.8887,270.575,85.8318
2017-06-13,26.3934,247.203,78.4184
2017-06-14,26.1387,244.818,77.6617
2017-06-15,25.35,237.431,75.3183
2017-06-16,27.4481,257.082,81.5516
2017-06-17,31.4584,294.643,93.4671
2017-06-18,35.755,334.886,106.233
2017-06-19,28.054,262.757,83.3519
2017-06-20,28.189,264.022,83.7535
2017-06-21,27.2828,255.534,81.0607
2017-06-22,28.1507,263.663,83.6396
2017-06-23,29.7608,278.743,88.4233
2017-06-24,34.3056,321.311,101.927
2017-06-25,42.142,394.707,125.21
2017-06-26,28.8159,269.892,85.616
2017-06-27,28.8504,270.217,85.7187
2017-06-28,27.2452,255.182,80.9492
2017-06-29,32.3657,303.141,96.1626
2017-06-30,27.799,260.369,82.5949
2017-07-01,34.1209,319.58,101.378
2017-07-02,41.0527,384.504,120.626
2017-07-03,32.6839,306.121,95.1171
2017-07-04,33.0364,309.422,95.3385
2017-07-05,35.3329,330.933,101.057
2017-07-06,37.9278,355.237,107.671
2017-07-07,34.8382,326.298,98.0162
2017-07-08,38.4423,360.055,107.106
2017-07-09,43.103,403.708,120.091
2017-07-10,33.0296,309.359,92.0257
2017-07-11,31.8581,298.386,88.7611
2017-07-12,33.7552,316.155,94.0468
2017-07-13,35.7631,334.961,99.6412
2017-07-14,38.6563,362.059,107.702
2017-07-15,38.9963,365.244,108.65
2017-07-16,44.3462,415.352,123.555
2017-07-17,38.1606,340.1,102.742
2017-07-18,34.1476,287.46,88.4495
2017-07-19,34.8282,277.144,86.8961
2017-07-20,39.2843,294.893,94.3531
2017-07-21,34.3893,243.993,79.671
2017-07-22,42.6079,285.901,95.321
2017-07-23,52.9998,331.168,113.513
2017-07-24,41.0457,256.473,87.9101
2017-07-25,39.7768,248.545,85.1924
2017-07-26,40.7381,254.552,87.2517
2017-07-27,42.9349,268.278,91.9561
2017-07-28,39.3653,245.974,84.311
2017-07-29,46.4132,290.011,99.4058
2017-07-30,52.5199,328.17,112.485
2017-07-31,41.0056,256.223,87.8242
2017-08-01,72.5733,453.472,155.435
2017-08-02,46.3631,289.699,98.8102
2017-08-03,45.0358,281.406,95.5398
2017-08-04,41.8226,261.327,88.2359
2017-08-05,41.8994,261.807,87.9258
2017-08-06,50.0011,312.431,104.441
2017-08-07,40.3833,252.334,83.954
2017-08-08,36.9924,231.146,76.5356
2017-08-09,38.7402,257.838,83.1484
2017-08-10,39.3975,278.192,87.5958
2017-08-11,34.99,263.397,80.8985
2017-08-12,37.0043,296.043,88.8784
2017-08-13,37.2737,314.421,92.608
2017-08-14,37.9461,336.902,97.4725
2017-08-15,31.1316,291.582,82.853
2017-08-16,35.113,328.872,93.4491
2017-08-17,29.0733,272.305,77.3752
2017-08-18,32.4974,304.375,86.4883
2017-08-19,38.6236,361.754,102.792
2017-08-20,48.0313,449.866,127.829
2017-08-21,42.1448,394.733,112.164
2017-08-22,47.6546,446.338,126.827
2017-08-23,30.5366,286.009,81.2696
2017-08-24,43.3335,405.866,115.327
2017-08-25,39.9551,374.224,106.336
2017-08-26,34.5347,323.456,91.91
2017-08-27,30.5897,286.507,81.411
2017-08-28,36.2042,339.093,96.3535
2017-08-29,30.7363,287.88,81.8013
2017-08-30,31.9247,299.01,84.9638
2017-08-31,32.9726,308.825,87.7526
2017-09-01,35.0859,328.619,93.3769
2017-09-02,44.406,415.911,116.704
2017-09-03,53.7987,503.884,139.707
2017-09-04,40.6463,380.698,104.272
2017-09-05,41.0266,384.26,103.895
2017-09-06,41.1774,385.673,102.989
2017-09-07,45.1045,422.454,111.409
2017-09-08,41.6409,390.013,101.518
2017-09-09,53.9198,505.019,131.453
2017-09-10,60.2729,564.522,146.942
2017-09-11,46.1639,432.376,112.545
2017-09-12,45.6078,427.168,111.189
2017-09-13,45.5552,426.675,111.061
2017-09-14,44.6744,418.426,108.914
2017-09-15,41.1715,385.618,100.374
2017-09-16,52.6833,493.439,128.439
2017-09-17,62.7372,587.603,152.95
2017-09-18,55.5557,520.341,135.442
2017-09-19,42.7972,400.844,104.337
2017-09-20,49.259,461.365,120.09
2017-09-21,46.9055,439.322,114.353
2017-09-22,52.0015,487.052,126.777
2017-09-23,59.4954,557.242,145.046
2017-09-24,65.3236,611.828,159.255
2017-09-25,53.5713,501.755,130.604
2017-09-26,45.2346,423.673,110.279
2017-09-27,47.6106,445.926,116.072
2017-09-28,44.5456,417.22,108.6
2017-09-29,49.7142,465.629,121.2
2017-09-30,57.915,542.439,141.194
2017-10-01,59.6116,558.329,145.33
2017-10-02,42.269,395.896,103.049
2017-10-03,46.2306,433.001,112.708
2017-10-04,55.4856,519.684,135.271
2017-10-05,45.1228,422.626,110.007
2017-10-06,43.1652,404.29,105.234
2017-10-07,54.1364,507.048,131.981
2017-10-08,55.2616,517.587,134.725
2017-10-09,44.8107,419.702,109.246
2017-10-10,42.9845,402.598,104.794
2017-10-11,44.7551,419.182,109.111
2017-10-12,45.8007,428.975,111.66
2017-10-13,42.4422,397.519,103.472
2017-10-14,44.1568,413.578,107.652
2017-10-15,46.667,437.088,113.772
2017-10-16,42.9649,402.414,104.746
2017-10-17,40.961,383.646,99.8606
2017-10-18,42.3636,396.782,103.28
2017-10-19,40.3476,377.9,98.3654
2017-10-20,48.2155,451.592,117.547
2017-10-21,49.0869,459.754,119.671
2017-10-22,52.5217,491.924,128.045
2017-10-23,47.9192,448.817,116.824
2017-10-24,43.735,409.627,106.623
2017-10-25,49.531,463.913,120.754
2017-10-26,59.1882,554.364,144.298
2017-10-27,61.0298,571.612,148.787
2017-10-28,69.6156,652.028,169.718
2017-10-29,43.346,405.983,105.675
2017-10-30,46.1104,431.875,112.414
2017-10-31,52.5382,492.078,128.085
2017-11-01,41.6394,389.999,101.514
2017-11-02,42.6945,399.881,103.431
2017-11-03,53.362,499.795,128.647
2017-11-04,52.7524,494.086,126.582
2017-11-05,60.8303,569.743,145.098
2017-11-06,55.692,521.618,132.067
2017-11-07,45.8089,429.052,107.992
2017-11-08,50.3999,472.051,118.051
2017-11-09,44.6396,418.099,104.559
2017-11-10,55.9624,524.15,131.08
2017-11-11,73.7335,690.596,172.706
2017-11-12,71.6415,671.002,167.806
2017-11-13,42.9977,402.722,100.713
2017-11-14,46.8409,438.717,109.715
2017-11-15,39.5322,370.263,92.5959
2017-11-16,40.4676,379.024,94.787
2017-11-17,42.981,402.565,100.674
2017-11-18,51.6832,484.071,121.057
2017-11-19,57.2856,536.543,134.18
2017-11-20,46.6546,436.972,109.279
2017-11-21,44.0461,412.541,103.169
2017-11-22,52.1948,488.862,122.256
2017-11-23,46.4493,435.05,108.798
2017-11-24,52.6307,492.945,123.277
2017-11-25,48.5761,454.969,113.779
2017-11-26,49.2112,460.917,115.267
2017-11-27,42.5008,398.067,99.5492
2017-11-28,43.2821,405.385,101.38
2017-11-29,40.6299,380.545,95.1673
2017-11-30,42.3785,396.922,99.2627
2017-12-01,40.5871,380.143,95.0669
2017-12-02,51.5731,483.04,120.381
2017-12-03,48.6171,455.353,113.067
2017-12-04,43.2337,404.932,100.171
2017-12-05,43.4833,407.269,100.398
2017-12-06,40.5667,379.953,93.3135
2017-12-07,48.4802,454.072,111.132
2017-12-08,47.2463,442.514,107.9
2017-12-09,46.6988,437.384,106.65
2017-12-10,55.9259,523.812,127.723
2017-12-11,52.6256,492.898,120.185
2017-12-12,52.2502,489.38,119.328
2017-12-13,46.6586,437.009,106.558
2017-12-14,41.5256,388.934,94.8353
2017-12-15,50.7708,475.525,115.949
2017-12-16,56.4087,528.329,128.825
2017-12-17,53.3393,499.581,121.815
2017-12-18,54.1702,507.362,123.712
2017-12-19,56.8032,532.025,129.726
2017-12-20,56.8889,532.831,129.922
2017-12-21,61.282,573.977,139.955
2017-12-22,54.6165,511.547,124.732
2017-12-23,67.0457,627.955,153.117
2017-12-24,73.5573,688.948,167.989
2017-12-25,86.9414,814.305,198.556
2017-12-26,80.5991,754.899,184.07
2017-12-27,66.1352,619.429,151.038
2017-12-28,67.8182,635.188,154.881
2017-12-29,59.0385,552.964,134.831
2017-12-30,61.1207,572.461,139.585
2017-12-31,73.2442,686.015,167.273
2018-01-01,90.0918,843.807,205.75
2018-01-02,65.8998,617.226,148.671
2018-01-03,57.0471,534.309,127.261
2018-01-04,54.2948,508.532,119.74
2018-01-05,66.3018,620.989,144.617
2018-01-06,64.7895,606.826,139.76
2018-01-07,63.3653,593.487,135.111
2018-01-08,68.1257,638.072,143.605
2018-01-09,64.9628,608.446,136.938
2018-01-10,67.9072,636.03,143.145
2018-01-11,71.3379,668.158,150.376
2018-01-12,82.7594,775.136,174.453
2018-01-13,93.2598,873.477,196.586
2018-01-14,106.921,1001.43,225.383
2018-01-15,92.3806,865.245,194.733
2018-01-16,84.5519,791.922,178.231
2018-01-17,83.0781,778.12,175.124
2018-01-18,85.2039,798.031,179.605
2018-01-19,109.296,1023.67,230.389
2018-01-20,114.103,1068.7,240.523
2018-01-21,130.879,1225.83,275.887
2018-01-22,116.579,1091.89,245.742
2018-01-23,106.857,1000.83,225.248
2018-01-24,116.896,1094.87,246.412
2018-01-25,123.974,1161.16,261.331
2018-01-26,134.788,1262.45,284.127
2018-01-27,154.179,1444.05,325.001
2018-01-28,139.56,1307.13,294.184
2018-01-29,128.912,1207.41,271.74
2018-01-30,128.33,1201.96,270.515
2018-01-31,144.039,1349.09,303.626
2018-02-01,115.272,1079.65,242.986
2018-02-02,126.319,1193.6,266.806
2018-02-03,151.779,1446.21,321.194
2018-02-04,171.918,1652.93,364.566
2018-02-05,141.446,1371.69,300.546
2018-02-06,124.703,1219.84,265.505
2018-02-07,146.362,1440.81,312.081
2018-02-08,176.723,1753.79,377.535
2018-02-09,169.374,1680.86,361.836
2018-02-10,165.707,1568.73,346.402
2018-02-11,202.611,1818.4,413.544
2018-02-12,159.33,1344.22,316.601
2018-02-13,164.238,1301.53,317.914
2018-02-14,158.645,1180.73,299.415
2018-02-15,157.231,1106.56,290.36
2018-02-16,169.395,1121.5,305.732
2018-02-17,183.997,1218.19,332.088
2018-02-18,202.497,1340.66,365.477
2018-02-19,171.753,1137.11,309.987
2018-02-20,159.483,1055.88,287.844
2018-02-21,153.928,1019.1,277.817
2018-02-22,176.338,1167.48,318.264
2018-02-23,174.133,1152.87,314.284
2018-02-24,209.189,1384.97,377.554
2018-02-25,226.544,1499.87,408.878
2018-02-26,173.734,1150.22,313.564
2018-02-27,150.375,995.579,271.404
2018-02-28,172.278,1140.6,310.937
2018-03-01,141.552,937.169,255.48
2018-03-02,170.863,1131.23,309.857
2018-03-03,194.314,1286.48,354.204
2018-03-04,210.302,1392.34,385.127
2018-03-05,170.26,1127.23,313.189
2018-03-06,168.06,1112.66,310.612
2018-03-07,164.198,1087.1,304.851
2018-03-08,180.778,1196.86,337.195
2018-03-09,179.751,1190.06,335.279
2018-03-10,222.784,1474.98,415.549
2018-03-11,234.598,1553.19,437.583
2018-03-12,190.395,1260.54,355.134
2018-03-13,183.216,1213.01,341.743
2018-03-14,185.834,1230.35,346.628
2018-03-15,169.273,1120.7,315.736
2018-03-16,188.445,1247.63,351.497
2018-03-17,230.01,1522.82,429.026
2018-03-18,216.647,1434.35,404.102
2018-03-19,186.328,1233.62,347.549
2018-03-20,178.688,1183.03,333.297
2018-03-21,181.713,1203.06,338.94
2018-03-22,192.357,1273.53,358.794
2018-03-23,195.122,1291.83,363.951
2018-03-24,226.576,1500.08,422.619
2018-03-25,259.809,1720.1,484.607
2018-03-26,186.158,1232.49,347.231
2018-03-27,191.631,1268.72,357.44
2018-03-28,198.571,1314.67,370.386
2018-03-29,184.847,1223.81,344.786
2018-03-30,196.756,1208.51,361.155
2018-03-31,239.554,1375.14,433.737
2018-04-01,270.885,1430.74,482.748
2018-04-02,219.361,1059.25,383.216
2018-04-03,187.806,821.297,321.428
2018-04-04,203.822,810.579,342.546
2018-04-05,209.364,741.769,344.815
2018-04-06,215.712,764.261,353.819
2018-04-07,253.549,898.316,414.362
2018-04-08,282.946,1002.47,460.468
2018-04-09,220.191,780.131,358.339
2018-04-10,208.745,739.578,339.712
2018-04-11,215.073,761.996,350.009
2018-04-12,186.555,660.957,303.599
2018-04-13,185.481,657.154,301.852
2018-04-14,242.108,857.783,394.007
2018-04-15,228.68,810.204,372.153
2018-04-16,204.241,723.621,332.383
2018-04-17,200.778,711.351,326.746
2018-04-18,204.334,723.949,332.533
2018-04-19,198.878,704.617,323.654
2018-04-20,201.774,714.881,328.368
2018-04-21,220.77,782.18,359.281
2018-04-22,248.485,880.372,404.383
2018-04-23,190.738,675.78,310.408
2018-04-24,169.189,599.431,275.338
2018-04-25,195.243,691.739,317.738
2018-04-26,185.374,656.775,301.678
2018-04-27,191.979,680.178,312.428
2018-04-28,194.23,688.149,316.089
2018-04-29,220.001,779.457,358.03
2018-04-30,186.608,661.15,303.688
2018-05-01,202.015,715.733,328.759
2018-05-02,183.161,689.514,313.571
2018-05-03,161.608,650.933,292.921
2018-05-04,157.368,678.058,302.113
2018-05-05,162.918,756.327,333.523
2018-05-06,173.427,874.909,381.687
2018-05-07,131.563,729.302,314.594
2018-05-08,109.222,674.017,287.349
2018-05-09,117.427,724.65,308.935
2018-05-10,116.424,718.464,306.299
2018-05-11,113.096,697.922,297.541
2018-05-12,133.864,826.09,352.182
2018-05-13,155.756,961.183,409.775
2018-05-14,116.383,718.212,306.191
2018-05-15,114.874,708.902,302.222
2018-05-16,121.099,747.308,318.596
2018-05-17,128.828,795.01,338.932
2018-05-18,119.767,739.095,315.094
2018-05-19,144.655,892.679,380.571
2018-05-20,157.368,971.13,414.017
2018-05-21,126.188,778.716,331.986
2018-05-22,126.352,779.733,332.419
2018-05-23,113.273,699.017,298.008
2018-05-24,123.848,764.277,325.83
2018-05-25,134.862,832.246,354.807
2018-05-26,168.81,1041.74,444.119
2018-05-27,190.17,1173.56,500.317
2018-05-28,145.805,899.776,383.596
2018-05-29,133.853,826.014,352.15
2018-05-30,136.534,842.564,359.205
2018-05-31,136.541,842.605,359.222
2018-06-01,138.008,851.661,363.084
2018-06-02,161.076,994.016,423.773
2018-06-03,171.817,1060.3,452.03
2018-06-04,137.004,845.465,360.441
2018-06-05,139.929,863.516,368.137
2018-06-06,143.672,886.61,377.985
2018-06-07,142.115,877.003,373.889
2018-06-08,147.298,908.989,387.524
2018-06-09,174.059,1074.13,457.929
2018-06-10,163.414,1008.45,429.923
2018-06-11,135.189,834.265,355.665
2018-06-12,132.693,818.862,349.101
2018-06-13,133.883,826.202,352.23
2018-06-14,136.4,841.735,358.851
2018-06-15,140.279,865.674,369.058
2018-06-16,185.678,1145.84,488.497
2018-06-17,209.805,1294.72,551.973
2018-06-18,158.39,977.441,416.705
2018-06-19,164.021,1012.19,431.519
2018-06-20,160.535,990.677,422.349
2018-06-21,164.315,1014.01,432.294
2018-06-22,159.768,985.945,420.331
2018-06-23,199.458,1230.87,524.751
2018-06-24,209.524,1292.98,551.233
2018-06-25,165.022,1018.37,434.155
2018-06-26,167.913,1036.2,441.759
2018-06-27,168.723,1041.2,443.888
2018-06-28,167.47,1024.98,438.101
2018-06-29,158.79,964.108,413.117
2018-06-30,170.436,1026.61,441.003
2018-07-01,192.967,1152.1,496.3
2018-07-02,149.348,883.959,380.672
2018-07-03,134.123,787.295,338.995
2018-07-04,143.52,836.394,359.895
2018-07-05,146.87,855.917,367.074
2018-07-06,148.502,865.428,369.865
2018-07-07,179.544,1046.33,445.765
2018-07-08,200.016,1165.64,495.027
2018-07-09,150.725,878.382,373.035
2018-07-10,148.855,867.49,368.407
2018-07-11,158.898,926.016,393.263
2018-07-12,158.784,925.355,392.982
2018-07-13,152.895,891.024,378.404
2018-07-14,176.055,1025.25,433.615
2018-07-15,187.952,1041.29,458.116
2018-07-16,143.325,756.131,345.934
2018-07-17,127.984,675.565,308.948
2018-07-18,129.726,687.124,313.414
2018-07-19,140.984,748.536,340.812
2018-07-20,141.466,751.5,342.021
2018-07-21,172.518,917.107,419.104
2018-07-22,198.744,1123.2,490.825
2018-07-23,150.224,891.166,376.074
2018-07-24,132.864,794.534,334.347
2018-07-25,138.085,833.019,349.464
2018-07-26,148.348,902.466,377.491
2018-07-27,151.532,928.937,387.528
2018-07-28,185.946,1147.49,477.607
2018-07-29,208.279,1285.31,534.968
2018-07-30,150.319,927.632,386.096
2018-07-31,144.087,889.176,370.092
2018-08-01,144.658,892.701,371.558
2018-08-02,156.505,965.807,400.201
2018-08-03,156.22,964.046,397.61
2018-08-04,196.355,1211.72,497.563
2018-08-05,218.456,1348.11,551.124
2018-08-06,171.588,1058.88,431.287
2018-08-07,161.551,996.946,404.393
2018-08-08,161.026,993.701,401.394
2018-08-09,169.808,1039.92,421.299
2018-08-10,168.469,1022.54,415.691
2018-08-11,198.244,1126.37,481.106
2018-08-12,232.505,1237.56,555.522
2018-08-13,177.365,887.571,417.926
2018-08-14,158.486,743.083,368.189
2018-08-15,161.726,702.978,369.955
2018-08-16,174.367,710.252,395.02
2018-08-17,171.389,644.861,383.968
2018-08-18,208.838,785.764,467.865
2018-08-19,235.977,887.876,528.666
2018-08-20,183.747,691.359,411.654
2018-08-21,183.439,690.201,410.965
2018-08-22,173.277,651.968,388.2
2018-08-23,182.086,685.111,407.934
2018-08-24,179.496,675.365,402.131
2018-08-25,197.523,743.193,442.518
2018-08-26,232.59,875.136,521.08
2018-08-27,187.096,703.96,419.157
2018-08-28,177.836,669.122,398.414
2018-08-29,176.097,662.575,394.515
2018-08-30,182.865,688.041,409.679
2018-08-31,180.722,679.977,404.877
2018-09-01,203.775,766.714,456.523
2018-09-02,226.218,851.162,504.396
2018-09-03,182.73,687.533,405.331
2018-09-04,170.807,642.673,377.085
2018-09-05,159.846,601.431,351.174
2018-09-06,155.56,585.305,339.869
2018-09-07,170.495,641.5,370.386
2018-09-08,193.537,728.196,418.117
2018-09-09,214.838,808.344,464.137
2018-09-10,181.555,683.115,392.232
2018-09-11,173.8,653.931,375.475
2018-09-12,184.268,693.321,398.092
2018-09-13,184.273,693.339,398.102
2018-09-14,189.81,714.173,410.065
2018-09-15,198.827,748.097,429.544
2018-09-16,228.354,859.199,493.336
2018-09-17,170.666,642.142,368.706
2018-09-18,167.963,631.974,362.868
2018-09-19,161.475,607.561,348.85
2018-09-20,160.822,605.101,347.438
2018-09-21,151.614,570.459,327.547
2018-09-22,186.806,702.871,403.576
2018-09-23,213.149,801.987,460.486
2018-09-24,182.37,686.181,393.992
2018-09-25,176.82,665.296,382.001
2018-09-26,180.348,678.573,389.624
2018-09-27,175.477,660.244,379.1
2018-09-28,173.282,651.986,374.358
2018-09-29,201.201,757.034,434.675
2018-09-30,213.589,803.645,461.438
2018-10-01,184.861,695.551,399.372
2018-10-02,174.564,669.522,381.927
2018-10-03,173.761,680.223,385.375
2018-10-04,171.307,685.34,385.491
2018-10-05,163.722,669.119,373.755
2018-10-06,178.619,746.329,413.929
2018-10-07,167.738,719.033,395.573
2018-10-08,142.266,626.043,341.62
2018-10-09,149.384,657.37,358.714
2018-10-10,144.585,636.247,347.187
2018-10-11,136.434,600.381,327.616
2018-10-12,147.563,649.357,354.341
2018-10-13,177.854,782.652,427.077
2018-10-14,185.29,815.372,444.933
2018-10-15,136.508,600.709,327.795
2018-10-16,141.979,624.781,340.93
2018-10-17,139.817,615.27,335.741
2018-10-18,140.454,618.073,337.27
2018-10-19,140.95,620.256,338.461
2018-10-20,156.515,688.748,375.837
2018-10-21,171.916,756.52,412.818
2018-10-22,140.572,618.59,337.552
2018-10-23,143.563,631.752,344.734
2018-10-24,138.954,611.473,333.668
2018-10-25,137.903,606.848,331.145
2018-10-26,138.916,611.301,333.575
2018-10-27,149.287,656.94,358.479
2018-10-28,159.043,699.871,381.906
2018-10-29,128.433,565.173,308.404
2018-10-30,122.28,538.098,293.629
2018-10-31,126.379,556.136,303.472
2018-11-01,131.379,578.135,315.476
2018-11-02,126.551,556.893,303.519
2018-11-03,152.014,668.941,364.114
2018-11-04,164.998,726.078,394.792
2018-11-05,125.758,553.401,300.535
2018-11-06,127.277,560.085,303.791
2018-11-07,119.674,526.63,285.255
2018-11-08,122.384,538.552,291.311
2018-11-09,117.653,517.734,280.05
2018-11-10,128.033,563.415,304.76
2018-11-11,134.219,590.633,319.482
2018-11-12,110.024,484.162,261.891
2018-11-13,117.215,515.807,279.008
2018-11-14,112.382,494.541,267.505
2018-11-15,113.592,499.867,270.386
2018-11-16,116.771,513.856,277.952
2018-11-17,126.321,555.88,300.684
2018-11-18,133.57,587.778,317.938
2018-11-19,116.418,512.301,277.111
2018-11-20,108.431,477.153,258.099
2018-11-21,117.385,516.557,279.414
2018-11-22,110.572,486.577,263.197
2018-11-23,105.636,463.793,250.906
2018-11-24,116.037,504.885,274.244
2018-11-25,121.81,520.928,286.028
2018-11-26,111.44,468.937,260.097
2018-11-27,106.556,439.997,246.976
2018-11-28,114.143,462.77,262.576
2018-11-29,115.672,456.881,263.567
2018-11-30,110.676,426.193,250.239
2018-12-01,111.877,420.534,251.237
2018-12-02,119.577,441.874,266.74
2018-12-03,109.87,399.558,243.569
2018-12-04,96.1567,343.035,211.604
2018-12-05,100.298,352.362,219.642
2018-12-06,93.1268,325.202,203.39
2018-12-07,102.022,354.283,222.263
2018-12-08,109.757,378.491,238.373
2018-12-09,105.577,364.077,229.295
2018-12-10,97.4745,336.135,211.697
2018-12-11,98.6827,340.302,214.322
2018-12-12,93.8566,323.661,203.841
2018-12-13,90.9905,313.777,197.616
2018-12-14,91.8176,316.627,199.411
2018-12-15,98.6827,338.401,213.947
2018-12-16,112.943,385.567,244.521
2018-12-17,88.9762,302.07,192.301
2018-12-18,100.069,338.141,215.962
2018-12-19,89.4777,300.954,192.83
2018-12-20,93.3154,313.787,201.085
2018-12-21,93.5962,314.565,201.657
2018-12-22,105.576,359.606,228.333
2018-12-23,110.728,381.619,240.282
2018-12-24,99.6352,347.517,216.959
2018-12-25,104.145,367.106,227.478
2018-12-26,98.8506,355.175,216.995
2018-12-27,95.9887,350.816,211.866
2018-12-28,95.6471,355.088,212.183
2018-12-29,107.723,404.048,239.811
2018-12-30,106.652,404.747,238.395
2018-12-31,110.684,424.311,248.283
2019-01-01,122.99,481.271,277.475
2019-01-02,107.109,420.12,241.718
2019-01-03,99.6967,391.058,224.65
2019-01-04,102.692,402.817,231.061
2019-01-05,113.076,443.39,254.053
2019-01-06,113.942,446.867,255.634
2019-01-07,103.018,404.042,230.805
2019-01-08,93.8612,364.442,209.543
2019-01-09,94.8445,368.259,211.738
2019-01-10,92.5302,359.274,206.572
2019-01-11,98.1305,381.018,219.074
2019-01-12,105.014,406.795,234.045
2019-01-13,106.318,407.943,236.154
2019-01-14,91.406,347.025,202.279
2019-01-15,95.9395,360.386,211.52
2019-01-16,92.6042,343.977,203.37
2019-01-17,93.2469,342.466,203.982
2019-01-18,90.1038,327.13,196.331
2019-01-19,97.8231,352.24,212.757
2019-01-20,96.462,344.958,209.397
2019-01-21,90.1318,320.2,195.3
2019-01-22,95.768,338.254,207.181
2019-01-23,97.8959,343.64,211.427
2019-01-24,96.5679,336.933,208.216
2019-01-25,98.8326,341.188,212.44
2019-01-26,104.948,358.416,224.879
2019-01-27,107.244,364.456,229.444
2019-01-28,95.717,323.622,204.456
2019-01-29,91.6874,308.539,195.561
2019-01-30,91.8232,307.448,195.545
2019-01-31,82.8004,275.651,176.017
2019-02-01,87.9291,292.726,186.92
2019-02-02,91.9553,306.129,195.479
2019-02-03,98.5914,328.221,209.586
2019-02-04,88.3953,294.278,187.911
2019-02-05,83.7885,276.263,177.575
2019-02-06,87.1785,284.49,184.162
2019-02-07,87.8844,283.716,185.03
2019-02-08,92.9731,297.052,195.116
2019-02-09,100.825,319.102,210.979
2019-02-10,105.02,329.385,219.151
2019-02-11,100.04,310.752,208.148
2019-02-12,114.859,359.952,239.623
2019-02-13,88.0821,278.964,184.353
2019-02-14,85.4213,273.345,179.353
2019-02-15,99.0615,320.152,208.633
2019-02-16,89.056,287.745,187.546
2019-02-17,92.4154,301.604,195.229
2019-02-18,88.7791,292.626,188.133
2019-02-19,90.1935,297.367,191.147
2019-02-20,97.7193,322.11,207.082
2019-02-21,100.981,332.787,213.979
2019-02-22,88.8008,294.414,188.518
2019-02-23,94.127,316.705,200.756
2019-02-24,94.3512,319.073,201.551
2019-02-25,88.76,301.753,189.921
2019-02-26,81.9462,280.141,175.647
2019-02-27,88.1647,302.788,189.25
2019-02-28,85.1515,293.641,183.019
2019-03-01,88.3954,304.828,189.992
2019-03-02,92.3117,318.333,198.194
2019-03-03,88.4443,304.996,189.667
2019-03-04,102.239,352.567,218.999
2019-03-05,107.58,370.984,230.145
2019-03-06,109.206,376.592,233.357
2019-03-07,106.549,367.429,227.394
2019-03-08,103.83,358.053,221.285
2019-03-09,124.431,429.096,265.191
2019-03-10,138.567,477.84,295.316
2019-03-11,100.586,346.864,214.37
2019-03-12,103.143,355.684,219.821
2019-03-13,103.766,357.834,221.15
2019-03-14,100.235,345.656,213.623
2019-03-15,101.938,351.53,217.254
2019-03-16,118.299,407.948,252.122
2019-03-17,137.826,475.286,293.738
2019-03-18,109.434,379.918,233.652
2019-03-19,107.753,376.638,230.489
2019-03-20,110.252,387.683,236.22
2019-03-21,110.603,391.191,237.353
2019-03-22,112.224,399.331,241.232
2019-03-23,131.007,469.057,282.09
2019-03-24,147.282,530.334,317.637
2019-03-25,102.878,370.442,221.871
2019-03-26,87.7281,315.891,189.199
2019-03-27,83.5433,300.822,180.173
2019-03-28,82.1156,295.682,177.095
2019-03-29,86.8888,312.869,187.389
2019-03-30,85.1456,306.591,183.629
2019-03-31,83.3669,300.187,179.793
2019-04-01,85.2148,306.841,183.779
2019-04-02,78.5967,288.475,171.652
2019-04-03,85.451,319.291,188.844
2019-04-04,84.7288,322.389,189.524
2019-04-05,76.9486,301.387,174.78
2019-04-06,81.339,327.922,187.737
2019-04-07,82.0572,340.641,192.531
2019-04-08,76.7619,328.062,183.097
2019-04-09,80.6149,351.649,193.421
2019-04-10,70.8058,315.379,170.912
2019-04-11,70.898,324.412,172.572
2019-04-12,75.3036,352.17,184.942
2019-04-13,77.0084,366.275,190.3
2019-04-14,82.2993,397.927,204.6
2019-04-15,72.4911,356.858,181.43
2019-04-16,78.1456,387.613,196.397
2019-04-17,79.083,395.459,199.641
2019-04-18,71.8414,360.159,181.794
2019-04-19,76.0551,381.285,192.458
2019-04-20,85.7616,429.946,217.02
2019-04-21,72.9943,365.94,184.712
2019-04-22,82.4261,413.222,208.578
2019-04-23,87.7633,439.98,222.085
2019-04-24,69.3339,347.59,175.45
2019-04-25,72.4774,363.348,183.404
2019-04-26,72.8824,365.378,184.429
2019-04-27,77.7893,389.979,196.846
2019-04-28,72.9271,365.604,184.542
2019-04-29,79.1763,396.931,200.355
2019-04-30,84.9201,425.726,214.89
2019-05-01,67.4456,338.122,170.671
2019-05-02,68.0084,340.943,171.624
2019-05-03,80.4411,403.271,202.54
2019-05-04,86.5281,433.788,217.422
2019-05-05,90.8567,455.488,227.782
2019-05-06,79.1239,396.668,197.873
2019-05-07,90.256,452.477,225.228
2019-05-08,75.0069,376.03,186.676
2019-05-09,79.5671,398.889,198.024
2019-05-10,87.3476,437.897,217.39
2019-05-11,81.8346,410.257,203.668
2019-05-12,85.8863,430.57,213.752
2019-05-13,75.6788,379.397,188.348
2019-05-14,82.4214,413.201,205.129
2019-05-15,81.8414,410.292,203.685
2019-05-16,80.1846,401.987,199.562
2019-05-17,85.2628,427.444,212.2
2019-05-18,87.6002,439.164,218.018
2019-05-19,91.2718,457.569,227.155
2019-05-20,82.5103,413.645,205.35
2019-05-21,82.7418,414.805,205.926
2019-05-22,81.148,406.816,201.959
2019-05-23,83.2103,449.867,208.95
2019-05-24,86.8122,502.265,219.864
2019-05-25,94.7918,582.642,242.016
2019-05-26,85.9084,563.418,221.345
2019-05-27,80.8633,563.342,210.221
2019-05-28,83.5849,620.179,220.131
2019-05-29,81.0528,640.545,216.38
2019-05-30,87.4128,696.52,234.377
2019-05-31,107.945,866.403,290.548
2019-06-01,99.6575,806.024,269.336
2019-06-02,108.077,881.22,293.107
2019-06-03,107.201,881.449,291.805
2019-06-04,84.6755,696.232,230.257
2019-06-05,85.4031,695.818,230.867
2019-06-06,88.4294,714.134,237.695
2019-06-07,95.9146,768.409,256.52
2019-06-08,111.055,882.791,295.511
2019-06-09,110.371,870.551,292.494
2019-06-10,97.4218,723.145,254.988
2019-06-11,100.14,698.545,258.795
2019-06-12,100.916,665.924,258.67
2019-06-13,90.4345,558.962,229.685
2019-06-14,91.3151,524.489,229.686
2019-06-15,102.609,554.236,256.125
2019-06-16,113.042,566.707,279.709
2019-06-17,101.424,508.467,250.964
2019-06-18,84.0349,421.289,207.935
2019-06-19,86.3796,433.044,213.737
2019-06-20,104.153,522.146,257.715
2019-06-21,98.3454,528.112,245.311
2019-06-22,93.3514,536.93,234.85
2019-06-23,91.3065,564.378,231.902
2019-06-24,93.034,618.126,239.511
2019-06-25,98.4505,698.57,256.677
2019-06-26,88.058,669.749,232.846
2019-06-27,98.1067,788.009,262.488
2019-06-28,90.3152,730.892,242.604
2019-06-29,107.195,873.88,289.069
2019-06-30,113.822,935.891,308.344
2019-07-01,109.457,900.003,296.52
2019-07-02,100.756,828.454,272.271
2019-07-03,96.1997,790.99,259.277
2019-07-04,105.586,868.171,283.888
2019-07-05,105.806,869.975,283.729
2019-07-06,115.24,947.546,308.221
2019-07-07,128.373,1055.53,342.57
2019-07-08,109.322,898.889,291.109
2019-07-09,114.212,939.092,304.13
2019-07-10,129.569,1065.37,345.024
2019-07-11,123.458,1015.11,328.75
2019-07-12,111.283,915.015,296.332
2019-07-13,129.948,1068.49,346.034
2019-07-14,131.932,1084.8,351.317
2019-07-15,113.501,933.247,302.237
2019-07-16,110.744,910.58,294.895
2019-07-17,124.336,1022.34,331.089
2019-07-18,126.935,1043.71,338.009
2019-07-19,127.571,1048.93,339.701
2019-07-20,122.857,1000.25,325.47
2019-07-21,140.319,1132.96,370.132
2019-07-22,126.226,1010.42,331.48
2019-07-23,123.438,931.054,320.1
2019-07-24,134.48,955.379,344.607
2019-07-25,121.432,810.055,307.549
2019-07-26,133.695,835.274,334.759
2019-07-27,146.912,854.348,364.437
2019-07-28,156.419,847.246,384.666
2019-07-29,129.061,647.018,314.59
2019-07-30,130.969,656.579,319.24
2019-07-31,122.509,614.173,298.619
2019-08-01,130.832,655.896,318.906
2019-08-02,126.075,632.044,306.828
2019-08-03,137.054,687.087,333.031
2019-08-04,149.202,747.985,361.984
2019-08-05,130.233,652.89,315.485
2019-08-06,123.791,620.6,299.457
2019-08-07,122.776,615.508,296.543
2019-08-08,137.252,688.082,331.08
2019-08-09,134.552,674.546,324.568
2019-08-10,150.174,752.865,362.251
2019-08-11,167.491,839.673,404.021
2019-08-12,152.545,764.746,367.968
2019-08-13,121.914,611.188,294.082
2019-08-14,125.433,628.829,302.571
2019-08-15,128.809,645.751,310.713
2019-08-16,141.553,709.641,341.454
2019-08-17,155.44,779.264,374.954
2019-08-18,157.944,791.818,380.994
2019-08-19,136.472,684.166,329.198
2019-08-20,135.186,677.727,326.097
2019-08-21,144.031,722.064,347.431
2019-08-22,136.149,682.556,328.421
2019-08-23,130.198,652.718,314.065
2019-08-24,150.521,754.6,363.087
2019-08-25,163.389,819.108,394.127
2019-08-26,144.717,725.506,349.087
2019-08-27,138.813,695.903,334.845
2019-08-28,134.578,674.676,324.631
2019-08-29,135.51,679.348,326.878
2019-08-30,135.445,679.024,326.722
2019-08-31,138.998,696.831,335.292
2019-09-01,165.893,831.667,400.167
2019-09-02,147.516,739.535,354.283
2019-09-03,134.868,676.126,322.445
2019-09-04,152.948,766.768,364.22
2019-09-05,142.143,712.602,336.929
2019-09-06,137.909,691.373,325.452
2019-09-07,159.285,798.54,374.214
2019-09-08,179.286,898.808,419.465
2019-09-09,162.801,816.164,380.897
2019-09-10,154.274,773.417,360.946
2019-09-11,161.674,810.512,378.258
2019-09-12,161.852,811.404,378.676
2019-09-13,175.263,878.637,410.053
2019-09-14,183.811,921.496,430.053
2019-09-15,198.545,995.356,464.525
2019-09-16,161.303,808.651,377.391
2019-09-17,159.774,800.988,373.813
2019-09-18,152.278,763.407,356.275
2019-09-19,160.517,804.714,375.552
2019-09-20,164.821,826.291,385.623
2019-09-21,168.926,846.875,395.228
2019-09-22,181.181,908.303,423.898
2019-09-23,191.6,960.537,448.275
2019-09-24,157.602,790.101,368.732
2019-09-25,157.423,789.206,368.315
2019-09-26,157.535,789.767,368.576
2019-09-27,182.833,916.584,427.762
2019-09-28,177.47,889.706,415.217
2019-09-29,191.792,959.378,447.86
2019-09-30,180.106,894.596,419.077
2019-10-01,165.758,816.829,384.148
2019-10-02,171.629,830.957,395.345
2019-10-03,169.203,804.053,387.266
2019-10-04,166.301,776.625,378.421
2019-10-05,171.496,782.869,386.912
2019-10-06,204.409,909.318,457.781
2019-10-07,176.807,771.102,393.875
2019-10-08,175.974,751.639,389.88
2019-10-09,188.505,796.976,416.247
2019-10-10,172.596,721.778,379.773
2019-10-11,174.341,721.335,382.302
2019-10-12,195.488,801.928,427.9
2019-10-13,210.179,862.188,460.055
2019-10-14,189.767,778.458,415.376
2019-10-15,169.1,693.681,370.14
2019-10-16,170.99,697.279,373.687
2019-10-17,169.045,684.956,368.815
2019-10-18,167.07,672.421,363.866
2019-10-19,187.717,751.133,408.213
2019-10-20,198.165,788.14,430.253
2019-10-21,167.05,660.489,362.146
2019-10-22,174.717,686.398,378.144
2019-10-23,174.95,687.311,378.647
2019-10-24,199.296,782.956,431.34
2019-10-25,181.777,714.131,393.423
2019-10-26,196.356,771.409,424.977
2019-10-27,228.827,898.97,495.254
2019-10-28,186.154,731.327,402.895
2019-10-29,181.898,714.604,393.685
2019-10-30,173.326,680.93,375.133
2019-10-31,185.153,727.395,400.729
2019-11-01,170.545,674.195,369.706
2019-11-02,188.338,749.369,408.294
2019-11-03,186.579,746.916,404.473
2019-11-04,176.234,709.861,382.058
2019-11-05,166.601,675.276,361.177
2019-11-06,175.831,717.013,381.198
2019-11-07,170.967,707.239,371.31
2019-11-08,176.039,733.725,382.346
2019-11-09,179.032,752.428,389.534
2019-11-10,186.065,788.993,405.608
2019-11-11,172.18,736.025,375.993
2019-11-12,183.028,788.943,400.402
2019-11-13,171.737,746.133,376.349
2019-11-14,160.278,696.344,351.236
2019-11-15,177.577,771.498,389.145
2019-11-16,204.455,888.274,448.046
2019-11-17,218.957,951.28,479.827
2019-11-18,188.003,816.804,411.995
2019-11-19,176.848,762.341,386.887
2019-11-20,181.655,777.188,396.755
2019-11-21,174.756,741.632,381.023
2019-11-22,178.157,749.854,387.751
2019-11-23,185.666,774.458,403.324
2019-11-24,208.583,857.863,451.623
2019-11-25,197.083,799.528,425.377
2019-11-26,167.546,675.825,361.087
2019-11-27,169.465,675.94,364.073
2019-11-28,178.873,704.88,382.987
2019-11-29,178.638,696.469,381.354
2019-11-30,190.896,727.937,404.945
2019-12-01,194.506,730.793,410.767
2019-12-02,173.291,641.603,363.366
2019-12-03,168.089,613.411,349.967
2019-12-04,172.372,622.645,356.774
2019-12-05,183.368,655.136,377.237
2019-12-06,182.503,645.841,373.442
2019-12-07,207.248,733.409,423.061
2019-12-08,213.621,755.962,434.976
2019-12-09,190.275,673.341,387.439
2019-12-10,184.5,652.906,375.679
2019-12-11,195.808,692.92,398.704
2019-12-12,180.603,639.119,367.745
2019-12-13,175.609,621.442,357.575
2019-12-14,192.434,680.982,391.835
2019-12-15,209.304,740.682,426.185
2019-12-16,170.113,601.997,346.386
2019-12-17,173.537,614.107,353.356
2019-12-18,176.657,625.152,359.709
2019-12-19,177.965,629.782,362.374
2019-12-20,171.775,607.876,349.77
2019-12-21,188.341,666.496,383.5
2019-12-22,217.623,762.539,442.495
2019-12-23,198.226,688.574,402.559
2019-12-24,205.112,706.872,416.076
2019-12-25,242.273,828.236,490.903
2019-12-26,202.238,684.5,409.213
2019-12-27,183.909,616.49,371.63
2019-12-28,193.561,641.598,390.534
2019-12-29,203.444,681.34,411.052
2019-12-30,179.488,607.426,363.174
2019-12-31,202.315,690.638,409.857
2020-01-01,246.444,849.022,499.896
2020-01-02,206.709,712.545,419.332
2020-01-03,199.268,686.065,404.166
2020-01-04,225.481,775.567,457.271
2020-01-05,228.696,779.374,463.19
2020-01-06,215.842,728.958,436.608
2020-01-07,194.615,651.523,393.193
2020-01-08,206.295,683.804,416.225
2020-01-09,206.687,685.109,417.018
2020-01-10,197.638,661.167,399.262
2020-01-11,210.522,711.383,425.878
2020-01-12,227.263,775.282,460.353
2020-01-13,222.314,764.83,450.862
2020-01-14,181.584,631.005,368.781
2020-01-15,192.938,676.422,392.334
2020-01-16,199.351,705.462,405.918
2020-01-17,203.236,719.208,413.83
2020-01-18,224.75,795.344,457.638
2020-01-19,229.365,811.676,467.033
2020-01-20,211.402,748.108,430.458
2020-01-21,213.818,756.659,435.378
2020-01-22,206.086,729.292,419.632
2020-01-23,205.254,726.348,417.938
2020-01-24,214.313,758.408,436.385
2020-01-25,242.704,858.88,494.195
2020-01-26,263.603,932.839,536.751
2020-01-27,241.361,854.127,491.461
2020-01-28,196.948,696.958,401.027
2020-01-29,198.803,703.519,404.803
2020-01-30,204.409,723.364,416.219
2020-01-31,203.019,718.443,413.388
2020-02-01,222.296,786.659,452.639
2020-02-02,233.577,826.576,475.609
2020-02-03,210.252,744.039,428.117
2020-02-04,223.403,790.578,454.895
2020-02-05,187.212,669.819,382.423
2020-02-06,214.365,774.402,439.129
2020-02-07,200.844,732.669,412.618
2020-02-08,208.783,769.307,430.208
2020-02-09,211.741,792.465,438.33
2020-02-10,219.386,832.924,456.115
2020-02-11,181.917,700.468,379.833
2020-02-12,189.833,734.897,397.004
2020-02-13,193.687,753.501,405.661
2020-02-14,201.33,787.075,422.291
2020-02-15,204.198,802.214,428.945
2020-02-16,219.6,862.723,461.299
2020-02-17,194.821,765.377,409.248
2020-02-18,201.409,796.454,423.795
2020-02-19,198.952,791.575,419.287
2020-02-20,207.244,829.288,437.408
2020-02-21,197.571,795.526,417.666
2020-02-22,220.853,894.717,467.629
2020-02-23,235.56,960,499.549
2020-02-24,201.325,820.949,427.011
2020-02-25,196.636,796.88,416.389
2020-02-26,198.287,798.804,419.234
2020-02-27,197.114,789.413,416.117
2020-02-28,181.781,719.335,382.464
2020-02-29,215.827,844.553,452.693
2020-03-01,221.528,856.607,463.127
2020-03-02,201.654,775.957,420.96
2020-03-03,203.641,772.269,423.234
2020-03-04,200.008,747.32,413.836
2020-03-05,208.295,766.897,429.1
2020-03-06,214.572,782.29,440.744
2020-03-07,235.524,850.859,482.475
2020-03-08,239.653,856.308,489.356
2020-03-09,209.661,741.946,426.912
2020-03-10,219.055,768.875,445.517
2020-03-11,242.099,842.973,491.821
2020-03-12,198.572,684.593,402.831
2020-03-13,245.982,835.672,496.816
2020-03-14,238.569,797.754,479.584
2020-03-15,289.971,947.952,578.402
2020-03-16,232.36,739.422,458.781
2020-03-17,221.188,688.846,428.284
2020-03-18,260.49,789.534,492.935
2020-03-19,215.196,629.825,395.549
2020-03-20,196.986,559.401,351.688
2020-03-21,226.853,618.565,390.483
2020-03-22,269.368,708.211,447.353
2020-03-23,214.968,545.866,344.912
2020-03-24,203.065,499.391,318.16
2020-03-25,256.315,618.863,396.495
2020-03-26,197.847,470.684,302.608
2020-03-27,214.853,507.16,327.155
2020-03-28,243.877,576.649,371.834
2020-03-29,252.028,600.206,386.355
2020-03-30,214.869,519.939,333.336
2020-03-31,205.342,506.716,323.271
2020-04-01,220.483,554.111,351.592
2020-04-02,204.878,529.627,332.982
2020-04-03,213.998,567.711,354.433
2020-04-04,239.241,650.939,403.995
2020-04-05,256.429,719.47,444.882
2020-04-06,214.685,615.842,381.241
2020-04-07,193.004,568.498,352.332
2020-04-08,208.743,629.971,390.755
2020-04-09,210.581,643.553,401.519
2020-04-10,217.093,669.571,419.591
2020-04-11,255.31,793.294,499.36
2020-04-12,273.651,854.092,539.174
2020-04-13,227.391,710.968,448.417
2020-04-14,220.648,689.883,435.12
2020-04-15,218.267,682.439,430.424
2020-04-16,209.716,655.704,413.562
2020-04-17,230.713,721.356,454.969
2020-04-18,226.588,708.457,446.833
2020-04-19,259.757,812.165,512.244
2020-04-20,208.678,652.459,411.515
2020-04-21,206.855,646.76,407.921
2020-04-22,224.919,701.776,443.09
2020-04-23,190.543,593.175,374.954
2020-04-24,201.323,625.409,395.757
2020-04-25,227.235,704.35,446.213
2020-04-26,251.568,778.074,493.468
2020-04-27,202.826,627.269,397.842
2020-04-28,196.684,608.322,385.809
2020-04-29,194.708,603.532,382.343
2020-04-30,199.006,618.191,391.195
2020-05-01,187.567,587.6,369.968
2020-05-02,218.047,713.173,445.639
2020-05-03,220.475,755.861,468.612
2020-05-04,186.901,668.677,411.972
2020-05-05,179.289,675.816,412.309
2020-05-06,172.287,682.968,412.902
2020-05-07,164.25,682.629,409.323
2020-05-08,166.885,731.042,432.887
2020-05-09,171.153,761.054,446.009
2020-05-10,187.06,846.706,490.128
2020-05-11,175.479,807.305,462.12
2020-05-12,153.732,713.965,405.396
2020-05-13,172.834,803.957,455.874
2020-05-14,184.646,860.278,487.144
2020-05-15,157.787,724.785,414.44
2020-05-16,163.573,739.609,427.234
2020-05-17,190.287,841.873,493.235
2020-05-18,159.255,684.203,408.023
2020-05-19,152.859,634.804,383.514
2020-05-20,148.123,599.991,362.949
2020-05-21,140.521,550.701,334.499
2020-05-22,146.693,556.417,338.799
2020-05-23,149.236,543.314,332.186
2020-05-24,188.949,662.635,406.317
2020-05-25,150.457,500.435,309.959
2020-05-26,135.511,429.891,271.079
2020-05-27,140.532,427.031,274.802
2020-05-28,137.259,401.399,262.95
2020-05-29,149.231,425.566,282.655
2020-05-30,152.74,427.066,287.321
2020-05-31,175.332,484.66,328.79
2020-06-01,148.354,410.087,278.2
2020-06-02,151.186,417.913,283.24
2020-06-03,146.577,405.175,274.325
2020-06-04,146.542,405.075,273.978
2020-06-05,147.754,408.426,275.959
2020-06-06,173.292,479.021,323.288
2020-06-07,194.524,537.71,362.523
2020-06-08,156.675,433.085,291.714
2020-06-09,154.332,426.611,287.353
2020-06-10,156.671,438.554,292.709
2020-06-11,156.64,444.033,293.192
2020-06-12,161.464,463.423,303.258
2020-06-13,177.555,516.35,334.694
2020-06-14,182.15,536.162,344.539
2020-06-15,167.032,497.384,316.978
2020-06-16,144.009,433.914,274.216
2020-06-17,146.322,440.576,278.154
2020-06-18,167.212,498.396,317.461
2020-06-19,135.217,397.9,255.781
2020-06-20,165.269,480.307,311.526
2020-06-21,180.63,517.882,339.188
2020-06-22,159.266,451.271,298.104
2020-06-23,138.167,386.487,257.705
2020-06-24,157.32,434.868,292.915
2020-06-25,160.254,439.595,297.959
2020-06-26,154.584,420.392,286.966
2020-06-27,185.566,500.903,344.016
2020-06-28,193.728,518.741,358.627
2020-06-29,163.017,432.467,300.207
2020-06-30,169.728,445.06,310.409
2020-07-01,135.963,352.625,246.928
2020-07-02,156.591,404.878,283
2020-07-03,160.442,413.494,288.444
2020-07-04,187.258,481.246,335.134
2020-07-05,199.549,511.319,355.433
2020-07-06,162.778,415.024,289.295
2020-07-07,161.397,409.996,286.579
2020-07-08,159.136,402.801,282.327
2020-07-09,152.44,384.371,270.05
2020-07-10,159.52,400.688,282.183
2020-07-11,179.756,451.507,317.976
2020-07-12,193.358,485.583,342.013
2020-07-13,176.122,442.296,311.526
2020-07-14,151.456,380.36,267.899
2020-07-15,172.54,433.306,305.191
2020-07-16,155.591,390.781,275.223
2020-07-17,177.794,446.644,314.523
2020-07-18,165.912,415.192,293.075
2020-07-19,184.786,460.641,325.939
2020-07-20,165.327,410.135,291.198
2020-07-21,160.361,396.021,282.075
2020-07-22,138.434,341.894,243.511
2020-07-23,150.187,370.92,264.185
2020-07-24,143.05,353.441,251.661
2020-07-25,182.054,449.857,320.289
2020-07-26,184.127,455.087,323.958
2020-07-27,169.503,420.863,298.63
2020-07-28,158.574,397.912,281.509
2020-07-29,162.296,409.985,290.006
2020-07-30,170.758,434.023,306.965
2020-07-31,154.931,400.057,280.883
2020-08-01,184.722,483.774,337.457
2020-08-02,186.4,495.72,343.234
2020-08-03,162.214,438.144,301.026
2020-08-04,164.541,453.826,306.612
2020-08-05,182.074,512.11,340.611
2020-08-06,152.113,438.661,286.257
2020-08-07,165.98,488.595,314.34
2020-08-08,192.001,577.034,366.32
2020-08-09,205.859,633.459,396.67
2020-08-10,174.919,551.443,340.45
2020-08-11,155.636,496.342,304.937
2020-08-12,161.658,520.859,318.629
2020-08-13,170.798,554.312,338.318
2020-08-14,154.279,502.967,306.601
2020-08-15,182.331,594.31,362.301
2020-08-16,200.106,650.814,396.984
2020-08-17,192.648,626.53,382.175
2020-08-18,160.932,523.353,319.243
2020-08-19,163.757,532.489,324.826
2020-08-20,163.693,532.279,324.699
2020-08-21,171.753,558.459,340.672
2020-08-22,169.762,553.277,337.296
2020-08-23,184.192,601.719,366.596
2020-08-24,166.059,541.243,329.954
2020-08-25,178.251,579.799,353.657
2020-08-26,168.877,548.116,334.528
2020-08-27,164.824,533.829,325.996
2020-08-28,155.442,500.935,306.327
2020-08-29,190.044,609.794,373.342
2020-08-30,201.719,644.341,394.984
2020-08-31,179.694,570.995,350.643
2020-09-01,148.389,469.19,288.614
2020-09-02,176.344,554.846,341.876
2020-09-03,180.046,561.884,347.528
2020-09-04,182.485,565.491,351.05
2020-09-05,166.368,511.88,318.966
2020-09-06,210.895,644.09,402.414
2020-09-07,173.178,519.069,328.605
2020-09-08,170.427,502.092,321.733
2020-09-09,180.625,523.378,339.332
2020-09-10,168.707,483.09,315.974
2020-09-11,189.552,536.674,353.975
2020-09-12,199.674,558.475,371.722
2020-09-13,237.104,655.411,440.689
2020-09-14,170.868,472.32,317.582
2020-09-15,181.841,502.653,337.977
2020-09-16,177.675,491.135,330.232
2020-09-17,177.763,487.175,329.914
2020-09-18,195.102,530.627,361.627
2020-09-19,210.194,567.36,389.104
2020-09-20,239.437,641.231,442.658
2020-09-21,205.786,546.416,379.906
2020-09-22,193.516,509.822,356.793
2020-09-23,173.569,453.615,319.596
2020-09-24,187.485,489.985,345.221
2020-09-25,171.678,448.674,316.114
2020-09-26,223.052,582.936,410.71
2020-09-27,239.992,627.21,441.903
2020-09-28,207.384,541.264,380.634
2020-09-29,178.335,464.782,326.192
2020-09-30,178.869,464.714,325.507
2020-10-01,203.662,526.103,368.607
2020-10-02,190.403,488.5,341.459
2020-10-03,193.409,492.658,343.534
2020-10-04,225.654,570.565,396.863
2020-10-05,207.268,521.514,362.693
2020-10-06,190.19,476.079,331.064
2020-10-07,162.334,404.673,281.307
2020-10-08,189.128,471.466,326.949
2020-10-09,185.1,463.102,320.399
2020-10-10,208.783,524.286,361.869
2020-10-11,239.069,603.513,415.451
2020-10-12,196.614,498.973,342.588
2020-10-13,191.941,490.467,336.704
2020-10-14,202.95,522.094,358.259
2020-10-15,185.247,479.954,329.168
2020-10-16,197.007,511.928,351.766
2020-10-17,236.062,615.195,423.513
2020-10-18,276.315,721.071,497.344
2020-10-19,206.628,540.013,373.237
2020-10-20,186.896,488.445,337.595
2020-10-21,195.677,511.396,353.458
2020-10-22,178.02,465.247,321.561
2020-10-23,182.774,481.51,330.579
2020-10-24,192.65,512.238,348.972
2020-10-25,243.16,651.158,440.986
2020-10-26,229.578,619.162,416.845
2020-10-27,218.843,594.877,397.876
2020-10-28,203.745,564.276,371.919
2020-10-29,186.263,526.79,341.571
2020-10-30,186.92,539.417,345.027
2020-10-31,172.983,513.24,322.801
2020-11-01,174.502,533.122,329.822
2020-11-02,210.443,662.299,403.17
2020-11-03,147.308,479.543,287.336
2020-11-04,158.92,528.937,314.519
2020-11-05,162.975,560.384,329.685
2020-11-06,155.818,552.452,323.635
2020-11-07,197.987,721.046,422.975
2020-11-08,218.308,816.93,479.353
2020-11-09,174.197,669.904,392.262
2020-11-10,187.293,737.678,431.324
2020-11-11,174.28,704.39,411.28
2020-11-12,175.011,718.225,419.875
2020-11-13,187.021,775.927,453.217
2020-11-14,204.387,855.554,497.466
2020-11-15,223.716,942.589,546.254
2020-11-16,177.719,756.356,436.862
2020-11-17,161.84,694.497,399.811
2020-11-18,159.876,691.007,396.491
2020-11-19,183.275,797.313,456.128
2020-11-20,169.441,741.833,423.158
2020-11-21,195.466,860.944,489.758
2020-11-22,230.661,1022.02,579.822
2020-11-23,208.452,923.613,523.995
2020-11-24,182.789,809.905,459.484
2020-11-25,166.156,736.208,417.674
2020-11-26,187.875,832.441,472.27
2020-11-27,186.362,825.736,468.466
2020-11-28,201.602,893.261,506.776
2020-11-29,220.893,978.738,555.267
2020-11-30,221.762,982.588,557.452
2020-12-01,154.803,685.901,389.133
2020-12-02,176.871,783.68,444.606
2020-12-03,170.064,753.523,427.496
2020-12-04,185.491,821.879,466.277
2020-12-05,209.857,929.839,527.526
2020-12-06,227.775,1009.23,572.568
2020-12-07,203.184,900.268,510.75
2020-12-08,183.269,812.032,460.692
2020-12-09,190.418,843.705,478.661
2020-12-10,189.738,840.694,476.952
2020-12-11,194.101,860.027,487.92
2020-12-12,197.779,876.32,497.164
2020-12-13,215.882,956.531,542.671
2020-12-14,187.989,832.945,472.554
2020-12-15,182.993,810.814,459.998
2020-12-16,186.095,824.555,467.796
2020-12-17,188.711,836.142,474.37
2020-12-18,157.922,707.084,397.549
2020-12-19,176.497,798.163,444.925
2020-12-20,213.137,973.452,538.039
2020-12-21,220.82,1027.74,559.711
2020-12-22,184.355,874.46,469.245
2020-12-23,178.476,867.92,456.989
2020-12-24,223.444,1109.41,575.004
2020-12-25,195.68,993.127,506.7
2020-12-26,212.566,1102.51,553.882
2020-12-27,187.881,1005.05,493.591
2020-12-28,192.344,1053.24,508.839
2020-12-29,178.186,997.427,474.525
2020-12-30,180.175,1027.2,482.488
2020-12-31,183.404,1073.08,494.412
2021-01-01,246.125,1468.43,666.861
2021-01-02,216.448,1315.4,589.303
2021-01-03,180.617,1120.25,495.441
2021-01-04,175.589,1109.84,484.652
2021-01-05,186.156,1196.76,516.724
2021-01-06,166.612,1091.29,465.379
2021-01-07,165.095,1090.29,463.014
2021-01-08,184.833,1229.56,520.236
2021-01-09,205.145,1374.74,579.512
2021-01-10,201.873,1352.82,570.269
2021-01-11,200.192,1341.55,565.523
2021-01-12,199.818,1339.04,564.466
2021-01-13,209.173,1401.73,590.892
2021-01-14,196.16,1314.53,554.131
2021-01-15,197.237,1321.75,557.176
2021-01-16,223.305,1496.43,630.814
2021-01-17,247.153,1656.25,698.178
2021-01-18,212.26,1422.42,599.613
2021-01-19,205.103,1374.46,579.394
2021-01-20,209.53,1404.13,591.899
2021-01-21,222.851,1493.39,629.53
2021-01-22,197.262,1321.91,557.239
2021-01-23,209.348,1402.91,591.386
2021-01-24,256.016,1715.64,723.221
2021-01-25,209.613,1404.68,592.135
2021-01-26,194.932,1306.3,550.662
2021-01-27,203.494,1363.67,574.845
2021-01-28,205.991,1380.41,581.902
2021-01-29,198.789,1332.14,561.555
2021-01-30,213,1427.38,601.701
2021-01-31,229.922,1540.78,649.505
2021-02-01,235.876,1580.68,666.325
2021-02-02,176.573,1183.27,498.361
2021-02-03,190.097,1273.9,536.07
2021-02-04,180.694,1210.89,509.106
2021-02-05,187.417,1255.94,527.571
2021-02-06,207.763,1392.29,584.382
2021-02-07,246.035,1648.76,691.482
2021-02-08,219.511,1471.01,616.541
2021-02-09,203.269,1362.17,570.926
2021-02-10,214.29,1436.02,601.878
2021-02-11,233.765,1566.53,656.574
2021-02-12,203.144,1361.34,570.572
2021-02-13,206.822,1385.98,580.902
2021-02-14,233.835,1567,656.774
2021-02-15,219.73,1472.48,617.16
2021-02-16,225.794,1513.12,634.19
2021-02-17,209.608,1510.79,590.916
2021-02-18,211.783,1632.86,601.36
2021-02-19,198.725,1641.25,568.704
2021-02-20,209.916,1870.26,607.891
2021-02-21,246.384,2350.21,721.659
2021-02-22,230.457,2346.52,682.717
2021-02-23,230.264,2467.64,688.702
2021-02-24,189.479,2049.13,570.86
2021-02-25,212.424,2315.37,642.309
2021-02-26,223.365,2455.01,677.998
2021-02-27,215.705,2370.81,654.743
2021-02-28,269.393,2960.9,817.707
2021-03-01,243.528,2676.61,739.199
2021-03-02,205.234,2255.73,622.962
2021-03-03,206.721,2272.07,627.474
2021-03-04,231.352,2542.79,702.24
2021-03-05,213.011,2341.2,646.566
2021-03-06,233.448,2544.02,705.814
2021-03-07,261.27,2824.42,787.013
2021-03-08,238.729,2559.8,716.437
2021-03-09,231.484,2462.53,692.187
2021-03-10,200.288,2112.48,596.579
2021-03-11,237.586,2506.12,707.708
2021-03-12,215.543,2273.51,642.033
2021-03-13,247.296,2630.12,739.391
2021-03-14,224.837,2411.69,674.852
2021-03-15,235.391,2546.36,709.279
2021-03-16,217.207,2368.07,656.843
2021-03-17,231.389,2543.2,702.352
2021-03-18,210.627,2315,639.331
2021-03-19,220.683,2425.53,669.855
2021-03-20,246.458,2708.82,748.089
2021-03-21,301.605,3314.94,915.481
2021-03-22,239.598,2633.42,727.27
2021-03-23,230.021,2528.16,698.198
2021-03-24,241.107,2650.01,731.849
2021-03-25,231.971,2549.6,704.118
2021-03-26,249.392,2741.06,756.998
2021-03-27,255.215,2805.07,774.67
2021-03-28,296.754,3261.61,900.756
2021-03-29,243.235,2673.39,738.308
2021-03-30,226.547,2489.98,687.653
2021-03-31,219.643,2414.1,666.7
2021-04-01,232.311,2553.33,705.149
2021-04-02,239.677,2634.3,727.51
2021-04-03,255.178,2804.66,774.56
2021-04-04,290.958,3197.93,883.165
2021-04-05,250.985,2758.58,761.836
2021-04-06,235.767,2591.31,715.64
2021-04-07,229.098,2518.02,695.398
2021-04-08,263.498,2896.1,799.814
2021-04-09,228.748,2514.17,694.333
2021-04-10,254.684,2799.23,773.061
2021-04-11,300.256,3300.11,911.386
2021-04-12,258.18,2837.65,783.669
2021-04-13,242.027,2660.12,734.64
2021-04-14,246.989,2714.66,749.706
2021-04-15,212.262,2332.98,644.292
2021-04-16,331.68,3645.49,1006.77
2021-04-17,350.46,3851.9,1063.77
2021-04-18,243.276,2673.85,738.435
2021-04-19,304.921,3351.4,925.547
2021-04-20,223.98,2461.76,679.859
2021-04-21,267.12,2935.9,810.804
2021-04-22,212.711,2337.9,645.652
2021-04-23,205.55,2259.2,623.919
2021-04-24,222.903,2449.92,676.593
2021-04-25,274.05,3012.08,831.839
2021-04-26,279.695,3074.13,848.976
2021-04-27,229.306,2520.3,696.027
2021-04-28,257.649,2831.82,782.061
2021-04-29,269.179,2958.55,817.058
2021-04-30,243.91,2680.81,740.357
2021-05-01,265.561,2918.78,806.071
2021-05-02,303.445,3335.17,921.342
2021-05-03,259.207,2848.94,787.228
2021-05-04,251.294,2761.97,763.397
2021-05-05,242.884,2669.54,738.027
2021-05-06,247.964,2725.38,753.632
2021-05-07,251.976,2769.47,766.013
2021-05-08,286.431,3148.17,870.954
2021-05-09,317.691,3491.75,966.011
2021-05-10,260.271,2860.64,791.411
2021-05-11,251.048,2759.27,763.363
2021-05-12,264.031,2901.97,802.846
2021-05-13,289.872,3185.99,881.421
2021-05-14,298.992,3286.22,909.151
2021-05-15,336.722,3700.91,1023.88
2021-05-16,348.595,3831.4,1059.98
2021-05-17,296.349,3257.17,901.11
2021-05-18,321.618,3513.09,975.193
2021-05-19,264.903,2870.37,800.292
2021-05-20,292.8,3004.51,875.643
2021-05-21,286.625,2770.72,848.172
2021-05-22,287.427,2599.92,841.195
2021-05-23,325.758,2729.3,941.961
2021-05-24,271.327,2096.15,775.349
2021-05-25,280.378,2034.02,795.944
2021-05-26,282.866,1895.57,796.768
2021-05-27,306.802,2055.97,864.195
2021-05-28,304.042,2037.48,856.417
2021-05-29,334.67,2242.72,942.688
2021-05-30,370.125,2480.33,1042.57
2021-05-31,291.23,1951.63,820.331
2021-06-01,279.95,1876.03,788.557
2021-06-02,267.548,1792.92,752.093
2021-06-03,264.295,1771.13,741.628
2021-06-04,282.487,1893.03,791.358
2021-06-05,341.199,2286.48,954.24
2021-06-06,360.354,2414.84,1005.98
2021-06-07,281.321,1885.23,783.986
2021-06-08,270.18,1810.56,751.6
2021-06-09,303.727,2035.37,844.924
2021-06-10,245.622,1645.99,683.283
2021-06-11,279.054,1870.03,776.285
2021-06-12,271.495,1819.37,755.257
2021-06-13,316.327,2119.81,879.975
2021-06-14,242.736,1626.65,675.254
2021-06-15,236.462,1584.61,657.801
2021-06-16,223.615,1498.51,622.064
2021-06-17,239.349,1603.95,665.834
2021-06-18,258.942,1735.25,720.337
2021-06-19,296.405,1986.31,824.555
2021-06-20,319.215,2139.16,888.008
2021-06-21,251.189,1683.3,698.771
2021-06-22,249.319,1670.77,693.568
